-- phpMyAdmin SQL Dump
-- version 4.9.5deb2
-- https://www.phpmyadmin.net/
--
-- Hôte : localhost:3306
-- Généré le : ven. 17 fév. 2023 à 17:02
-- Version du serveur :  8.0.32-0ubuntu0.20.04.2
-- Version de PHP : 7.4.3-4ubuntu2.17

SET SQL_MODE = "NO_AUTO_VALUE_ON_ZERO";
SET AUTOCOMMIT = 0;
START TRANSACTION;
SET time_zone = "+00:00";


/*!40101 SET @OLD_CHARACTER_SET_CLIENT=@@CHARACTER_SET_CLIENT */;
/*!40101 SET @OLD_CHARACTER_SET_RESULTS=@@CHARACTER_SET_RESULTS */;
/*!40101 SET @OLD_COLLATION_CONNECTION=@@COLLATION_CONNECTION */;
/*!40101 SET NAMES utf8mb4 */;

--
-- Base de données : `gestion_evenements`
--

-- --------------------------------------------------------

--
-- Structure de la table `evenement`
--

CREATE TABLE `evenement` (
  `id_evenement` int NOT NULL,
  `titre` varchar(255) NOT NULL,
  `nbPlaces` int NOT NULL,
  `description` text NOT NULL,
  `imgSrc` varchar(255) NOT NULL,
  `date_heure` datetime NOT NULL,
  `id_organisateur` int NOT NULL,
  `id_lieu` int NOT NULL
) ENGINE=InnoDB DEFAULT CHARSET=utf8mb4 COLLATE=utf8mb4_0900_ai_ci;

--
-- Déchargement des données de la table `evenement`
--

INSERT INTO `evenement` (`id_evenement`, `titre`, `nbPlaces`, `description`, `imgSrc`, `date_heure`, `id_organisateur`, `id_lieu`) VALUES
(1, 'Sed accumsan felis.', 0, 'Integer ac leo. Pellentesque ultrices mattis odio. Donec vitae nisi.', 'evt1.png', '2023-07-17 06:27:07', 5, 12),
(2, 'Phasellus sit amet erat.', 0, 'Curabitur in libero ut massa volutpat convallis. Morbi odio odio, elementum eu, interdum eu, tincidunt in, leo. Maecenas pulvinar lobortis est.', '', '2023-07-11 10:10:52', 10, 18),
(3, 'Ut tellus.', 0, 'Vestibulum quam sapien, varius ut, blandit non, interdum in, ante. Vestibulum ante ipsum primis in faucibus orci luctus et ultrices posuere cubilia Curae; Duis faucibus accumsan odio. Curabitur convallis.\n\nDuis consequat dui nec nisi volutpat eleifend. Donec ut dolor. Morbi vel lectus in quam fringilla rhoncus.', '', '2023-03-19 16:53:44', 9, 20),
(4, 'Morbi ut odio.', 0, 'Donec diam neque, vestibulum eget, vulputate ut, ultrices vel, augue. Vestibulum ante ipsum primis in faucibus orci luctus et ultrices posuere cubilia Curae; Donec pharetra, magna vestibulum aliquet ultrices, erat tortor sollicitudin mi, sit amet lobortis sapien sapien non mi. Integer ac neque.\n\nDuis bibendum. Morbi non quam nec dui luctus rutrum. Nulla tellus.', '', '2023-05-02 03:58:59', 10, 11),
(5, 'Duis consequat dui nec nisi volutpat eleifend.', 0, 'Sed sagittis. Nam congue, risus semper porta volutpat, quam pede lobortis ligula, sit amet eleifend pede libero quis orci. Nullam molestie nibh in lectus.\n\nPellentesque at nulla. Suspendisse potenti. Cras in purus eu magna vulputate luctus.', '', '2023-06-27 19:21:49', 4, 22),
(6, 'Nulla ac enim.', 0, 'Donec diam neque, vestibulum eget, vulputate ut, ultrices vel, augue. Vestibulum ante ipsum primis in faucibus orci luctus et ultrices posuere cubilia Curae; Donec pharetra, magna vestibulum aliquet ultrices, erat tortor sollicitudin mi, sit amet lobortis sapien sapien non mi. Integer ac neque.\n\nDuis bibendum. Morbi non quam nec dui luctus rutrum. Nulla tellus.', '', '2023-03-31 12:58:12', 3, 1),
(7, 'Donec odio justo, sollicitudin ut, suscipit a, feugiat et, eros.', 0, 'Pellentesque at nulla. Suspendisse potenti. Cras in purus eu magna vulputate luctus.\n\nCum sociis natoque penatibus et magnis dis parturient montes, nascetur ridiculus mus. Vivamus vestibulum sagittis sapien. Cum sociis natoque penatibus et magnis dis parturient montes, nascetur ridiculus mus.', '', '2023-03-01 11:09:32', 7, 32),
(8, 'Ut tellus.', 0, 'Morbi non lectus. Aliquam sit amet diam in magna bibendum imperdiet. Nullam orci pede, venenatis non, sodales sed, tincidunt eu, felis.\n\nFusce posuere felis sed lacus. Morbi sem mauris, laoreet ut, rhoncus aliquet, pulvinar sed, nisl. Nunc rhoncus dui vel sem.', '', '2023-05-05 19:46:21', 3, 28),
(9, 'In congue.', 0, 'Quisque id justo sit amet sapien dignissim vestibulum. Vestibulum ante ipsum primis in faucibus orci luctus et ultrices posuere cubilia Curae; Nulla dapibus dolor vel est. Donec odio justo, sollicitudin ut, suscipit a, feugiat et, eros.\n\nVestibulum ac est lacinia nisi venenatis tristique. Fusce congue, diam id ornare imperdiet, sapien urna pretium nisl, ut volutpat sapien arcu sed augue. Aliquam erat volutpat.', '', '2023-03-23 07:00:29', 3, 15),
(10, 'In hac habitasse platea dictumst.', 0, 'Donec diam neque, vestibulum eget, vulputate ut, ultrices vel, augue. Vestibulum ante ipsum primis in faucibus orci luctus et ultrices posuere cubilia Curae; Donec pharetra, magna vestibulum aliquet ultrices, erat tortor sollicitudin mi, sit amet lobortis sapien sapien non mi. Integer ac neque.\n\nDuis bibendum. Morbi non quam nec dui luctus rutrum. Nulla tellus.', '', '2023-06-28 02:48:13', 10, 27),
(11, 'un nouvel événement', 20, 'ça a l\'air bien', 'evt1.png', '2023-02-15 15:42:36', 2, 1);

-- --------------------------------------------------------

--
-- Doublure de structure pour la vue `evenements_utilisateurs_lieux`
-- (Voir ci-dessous la vue réelle)
--
CREATE TABLE `evenements_utilisateurs_lieux` (
`date_heure` datetime
,`description` text
,`id_evenement` int
,`id_lieu` int
,`id_organisateur` int
,`imgSrc` varchar(255)
,`lieu` varchar(255)
,`nbPlaces` int
,`organisateur` varchar(255)
,`titre` varchar(255)
);

-- --------------------------------------------------------

--
-- Doublure de structure pour la vue `evenement_utilisateurs`
-- (Voir ci-dessous la vue réelle)
--
CREATE TABLE `evenement_utilisateurs` (
`adresse` varchar(255)
,`cp` varchar(5)
,`date_heure` datetime
,`description` text
,`email` varchar(255)
,`id_evenement` int
,`imgSrc` varchar(255)
,`lieu` varchar(255)
,`nbPlaces` int
,`nomUtilisateur` varchar(255)
,`prenom` varchar(255)
,`role` varchar(255)
,`titre` varchar(255)
,`ville` varchar(255)
);

-- --------------------------------------------------------

--
-- Doublure de structure pour la vue `getNbUtilisateursByEvenement`
-- (Voir ci-dessous la vue réelle)
--
CREATE TABLE `getNbUtilisateursByEvenement` (
`id_evenement` int
,`nbInscrits` bigint
,`titre` varchar(255)
);

-- --------------------------------------------------------

--
-- Structure de la table `lieu`
--

CREATE TABLE `lieu` (
  `id_lieu` int NOT NULL,
  `nom` varchar(255) NOT NULL,
  `adresse` varchar(255) NOT NULL,
  `cp` varchar(5) NOT NULL,
  `ville` varchar(255) NOT NULL
) ENGINE=InnoDB DEFAULT CHARSET=utf8mb4 COLLATE=utf8mb4_0900_ai_ci;

--
-- Déchargement des données de la table `lieu`
--

INSERT INTO `lieu` (`id_lieu`, `nom`, `adresse`, `cp`, `ville`) VALUES
(1, 'est lacinia nisi', '975 Hanson Circle', '01771', 'Acomayo'),
(2, 'est risus', '5761 Delaware Crossing', '57480', 'Xin’an'),
(3, 'quisque arcu libero', '13553 Green Ridge Junction', '44975', 'Lawdar'),
(4, 'ipsum', '30 Arkansas Way', '60962', 'Sishan'),
(5, 'proin risus praesent', '2 Schiller Center', '38934', 'São Sebastião'),
(6, 'vestibulum ante ipsum', '8 Basil Center', '72516', 'Tanbu'),
(7, 'diam', '75073 Stuart Plaza', '11209', 'Francisco I Madero'),
(8, 'nunc vestibulum ante', '2488 Delaware Hill', '30948', 'Rejoyoso'),
(9, 'ut nulla sed', '62 Hagan Terrace', '62396', 'Siewierz'),
(10, 'venenatis', '4 Meadow Ridge Pass', '86477', 'Uzlovaya'),
(11, 'faucibus', '314 Fisk Trail', '17972', 'Tucson'),
(12, 'lacus at', '82 Ramsey Hill', '48783', 'Remiremont'),
(13, 'adipiscing elit proin', '74382 Menomonie Plaza', '44087', 'Barda'),
(14, 'tortor id nulla', '40759 Fairfield Center', '02542', 'Stupari'),
(15, 'curabitur gravida nisi', '62 Paget Lane', '72975', 'Vaudreuil-Dorion'),
(16, 'lacus', '794 International Plaza', '68262', 'Hrabyně'),
(17, 'ultrices posuere', '7557 Lien Way', '41619', 'Lantapan'),
(18, 'platea dictumst etiam', '7344 Veith Point', '12736', 'Taywanak Ilaya'),
(19, 'eros', '3775 Pierstorff Avenue', '36011', 'Beckerich'),
(20, 'turpis adipiscing', '6826 Portage Place', '39534', 'Elato'),
(21, 'metus arcu', '3131 Lakewood Gardens Plaza', '30027', 'Dinggou'),
(22, 'sapien', '7 Kenwood Avenue', '87502', 'Providence'),
(23, 'vel nulla', '145 Chinook Alley', '26890', 'Tasovčići'),
(24, 'in', '7800 Corscot Junction', '80754', 'Srebrenica'),
(25, 'ut', '662 Ronald Regan Pass', '66012', 'Cilated'),
(26, 'tortor', '65 Sutteridge Way', '37915', 'Alcanhões'),
(27, 'leo rhoncus', '33704 Kennedy Drive', '20959', 'Bergen'),
(28, 'vel nulla eget', '97075 Boyd Circle', '84840', 'Lille'),
(29, 'libero', '23578 Anderson Road', '53374', 'Knjazevac'),
(30, 'elementum eu', '73491 Summerview Way', '38087', 'Jiufang'),
(31, 'integer', '87013 Meadow Vale Point', '04080', 'Boroko'),
(32, 'imperdiet nullam orci', '53718 Eastwood Alley', '59502', 'Karachi'),
(33, 'duis', '35 Commercial Hill', '54769', 'Ziroudani'),
(34, 'ligula vehicula consequat', '0901 Mcbride Court', '35079', 'Takikawa'),
(35, 'ut', '69532 Banding Street', '60761', 'Phoenix'),
(36, 'felis fusce', '5613 Roxbury Drive', '04790', 'Jinshan'),
(37, 'quam', '086 Mosinee Crossing', '37547', 'Karmaskaly'),
(38, 'nunc', '8 Norway Maple Way', '92216', 'Caleta Olivia'),
(39, 'duis aliquam convallis', '544 Fordem Place', '86197', 'Krasnovishersk'),
(40, 'sodales', '41 Kings Park', '03072', 'Mulchén'),
(41, 'et', '3 Glendale Road', '23571', 'Zarechnyy'),
(42, 'pellentesque', '4 Manley Center', '53929', 'Vievis'),
(43, 'porttitor', '73 Walton Place', '35703', 'Mandepa Barat'),
(44, 'dolor quis', '51 Larry Alley', '49233', 'Gaïtánion'),
(45, 'platea dictumst morbi', '19 Glendale Plaza', '27104', 'Firá'),
(46, 'mus etiam', '5873 Lakewood Lane', '60347', 'Hŭngju-dong'),
(47, 'odio consequat varius', '050 Clemons Hill', '28527', 'Novokayakent'),
(48, 'nisi eu', '4 Colorado Junction', '55619', 'Vigo'),
(49, 'mauris', '39494 Pleasure Avenue', '91710', 'Watuagung'),
(50, 'pede malesuada', '8 Ludington Park', '83652', 'Korobitsyno');

-- --------------------------------------------------------

--
-- Structure de la table `utilisateur`
--

CREATE TABLE `utilisateur` (
  `id_utilisateur` int NOT NULL,
  `nom` varchar(255) NOT NULL,
  `prenom` varchar(255) NOT NULL,
  `email` varchar(255) NOT NULL,
  `mdp` varchar(255) NOT NULL,
  `role` varchar(255) NOT NULL
) ENGINE=InnoDB DEFAULT CHARSET=utf8mb4 COLLATE=utf8mb4_0900_ai_ci;

--
-- Déchargement des données de la table `utilisateur`
--

INSERT INTO `utilisateur` (`id_utilisateur`, `nom`, `prenom`, `email`, `mdp`, `role`) VALUES
(1, 'Bessell', 'Jessie', 'jbessell0@wikimedia.org', '$2y$10$jHA4C4bPCVODBqccZFG4euEbKGAsoBntsf.x7Mr73kdhqOi/B4vXG', 'admin'),
(2, 'Castella', 'Lovell', 'lcastella1@cdbaby.com', 'sEnnViI', 'organisateur'),
(3, 'Reye', 'Iorgos', 'ireye2@xrea.com', 'dYPoeen', 'organisateur'),
(4, 'Alfonsetti', 'Farica', 'falfonsetti3@unicef.org', 'Loj1LEv4Hr4H', 'organisateur'),
(5, 'Chaves', 'Maynord', 'mchaves4@aol.com', 'BwSa0X7QFxT', 'organisateur'),
(6, 'Senton', 'Tessa', 'tsenton5@bloglines.com', 'XPgtL9gQQ', 'organisateur'),
(7, 'Lattie', 'Andrea', 'alattie6@cargocollective.com', 'V3lJaASHQ', 'organisateur'),
(8, 'Giamelli', 'Averil', 'agiamelli7@posterous.com', 'KDowUL', 'organisateur'),
(9, 'Strongman', 'Goldia', 'gstrongman8@sohu.com', 'rmsgBs', 'organisateur'),
(10, 'Hardaway', 'Therine', 'thardaway9@taobao.com', '4On4eTAQGg', 'organisateur'),
(11, 'Cutts', 'Eimile', 'ecuttsa@yelp.com', '6ntUCjznO', 'user'),
(12, 'Korneichuk', 'Jolynn', 'jkorneichukb@answers.com', 'WgMQddl', 'user'),
(13, 'Denisovo', 'Kaitlin', 'kdenisovoc@go.com', 'chqiVUyzjXJ', 'user'),
(14, 'Rubrow', 'Tawsha', 'trubrowd@addtoany.com', 'flSMEUsvZ3w', 'user'),
(15, 'Furmagier', 'Faun', 'ffurmagiere@indiatimes.com', 'IRVt8h', 'user'),
(16, 'Coucher', 'Ellissa', 'ecoucherf@va.gov', 'BlUrZRGx', 'user'),
(17, 'Deacock', 'Katrina', 'kdeacockg@ycombinator.com', 'phpjdCGDgYw', 'user'),
(18, 'MacFadden', 'Gamaliel', 'gmacfaddenh@blinklist.com', 'BJoNRNIYe', 'user'),
(19, 'Brumby', 'Erica', 'ebrumbyi@harvard.edu', 'K4Tyn4MGSYn', 'user'),
(20, 'Coggen', 'Ray', 'rcoggenj@mtv.com', 'm3Vno57Wm', 'user'),
(21, 'Andreassen', 'Ermin', 'eandreassenk@earthlink.net', 'DDEtyMKhzCK', 'user'),
(22, 'Sallings', 'Mose', 'msallingsl@nytimes.com', 'FOzR3f4E4qls', 'user'),
(23, 'Sanchis', 'Kinsley', 'ksanchism@army.mil', '1vU6hwkZIp', 'user'),
(24, 'Pratton', 'Augy', 'aprattonn@java.com', '6L9B1V', 'user'),
(25, 'Adelsberg', 'Bank', 'badelsbergo@miibeian.gov.cn', 'pNLq1vbaGL', 'user'),
(26, 'Ells', 'Pearla', 'pellsp@hibu.com', 'ooGbENoeXQ', 'user'),
(27, 'Cowan', 'Dolph', 'dcowanq@prnewswire.com', 'paMjrDwLzEN', 'user'),
(28, 'Batiste', 'Charlena', 'cbatister@tinypic.com', '8Qu6tbt1', 'user'),
(29, 'Rizzardi', 'Anette', 'arizzardis@amazon.co.jp', 'XOEJhN', 'user'),
(30, 'Whitehall', 'Serena', 'swhitehallt@hao123.com', 'nrcnBVW', 'user'),
(31, 'Gascoyne', 'Karlotta', 'kgascoyneu@wikia.com', 'q66bIDLKxT', 'user'),
(32, 'Frankowski', 'Tandie', 'tfrankowskiv@flavors.me', 'Y3m7J7', 'user'),
(33, 'Alessandrucci', 'Saunder', 'salessandrucciw@berkeley.edu', 'UlxLC1', 'user'),
(34, 'Trusse', 'Mandy', 'mtrussex@macromedia.com', 'FEcYfn', 'user'),
(35, 'Knowlys', 'Herc', 'hknowlysy@aboutads.info', 'NJvA57mhw', 'user'),
(36, 'Pountain', 'Manuel', 'mpountainz@netlog.com', '1Qv8zjmGW', 'user'),
(37, 'Brumham', 'Marni', 'mbrumham10@github.io', 'pWi2ZjqjyPt', 'user'),
(38, 'Maggi', 'Blake', 'bmaggi11@newyorker.com', 'ZDhW7q3cHVVO', 'user'),
(39, 'Lothean', 'Dulcinea', 'dlothean12@cocolog-nifty.com', '7oQz4Tm', 'user'),
(40, 'Negro', 'Ray', 'rnegro13@taobao.com', 'ZELDPV63o', 'user'),
(41, 'Moger', 'Buckie', 'bmoger14@blinklist.com', 'Y1omQOLeZKVD', 'user'),
(42, 'Licquorish', 'Jeni', 'jlicquorish15@blinklist.com', 'nzeBESwSkT4', 'user'),
(43, 'Mattsson', 'Herschel', 'hmattsson16@utexas.edu', 'r5ywuayD9Yf', 'user'),
(44, 'Gronaver', 'Anthea', 'agronaver17@hubpages.com', 'lPT8zg', 'user'),
(45, 'Josebury', 'Parry', 'pjosebury18@pagesperso-orange.fr', 'Kcng7zhlg', 'user'),
(46, 'Kinningley', 'Cyndia', 'ckinningley19@bloglines.com', 'LU2bD6VgQ', 'user'),
(47, 'Nason', 'Shannan', 'snason1a@bluehost.com', 'hCiGMPz', 'user'),
(48, 'Drinkwater', 'Nap', 'ndrinkwater1b@mozilla.com', '6Wff5Sm', 'user'),
(49, 'Drewitt', 'Wilhelmine', 'wdrewitt1c@spiegel.de', 'mRUpABoh', 'user'),
(50, 'Ferrettini', 'Ansel', 'aferrettini1d@hhs.gov', 'nlT0aS', 'user'),
(51, 'Fadden', 'Stacee', 'sfadden1e@blogs.com', '79dTK1e', 'user'),
(52, 'MacCague', 'Jedd', 'jmaccague1f@miibeian.gov.cn', 'fukw5y1uBT7', 'user'),
(53, 'Bodycote', 'Barnebas', 'bbodycote1g@ft.com', 'G0UkX2QjfQp', 'user'),
(54, 'Mollison', 'Bat', 'bmollison1h@1688.com', '79znOP', 'user'),
(55, 'Dreigher', 'Raye', 'rdreigher1i@cam.ac.uk', 'bVRHMkq7QD', 'user'),
(56, 'Girardey', 'Alfonse', 'agirardey1j@ehow.com', 'cy9Aki', 'user'),
(57, 'Oslar', 'Haily', 'hoslar1k@miibeian.gov.cn', 'iaLlMVK7aI', 'user'),
(58, 'Pyvis', 'Alvy', 'apyvis1l@yellowpages.com', 'ugfpgOfPF', 'user'),
(59, 'Rylstone', 'Abe', 'arylstone1m@cocolog-nifty.com', 'w8z48oBO', 'user'),
(60, 'Rundall', 'Marne', 'mrundall1n@imgur.com', 'Zflp3Z3zk', 'user'),
(61, 'McCloch', 'Harley', 'hmccloch1o@columbia.edu', '0QiI7P', 'user'),
(62, 'Edens', 'Rodolfo', 'redens1p@typepad.com', 'cAEd23Rq', 'user'),
(63, 'Lycett', 'Garvey', 'glycett1q@indiegogo.com', 'ThzL2axAa', 'user'),
(64, 'Kleszinski', 'Lynda', 'lkleszinski1r@wikia.com', 'mk461q6z4sQ3', 'user'),
(65, 'Folonin', 'Jacky', 'jfolonin1s@last.fm', 'a0UmxaP', 'user'),
(66, 'Coursor', 'Cobb', 'ccoursor1t@jugem.jp', 'Vba2nywmkZ', 'user'),
(67, 'Hanigan', 'Cozmo', 'chanigan1u@epa.gov', 'xLl0QHQaVhB', 'user'),
(68, 'Stoneman', 'Rora', 'rstoneman1v@cargocollective.com', 'bYThEcOy62dr', 'user'),
(69, 'Beatty', 'Shea', 'sbeatty1w@xrea.com', 'ivgHyxL', 'user'),
(70, 'Bastard', 'Demetra', 'dbastard1x@icq.com', 'KJVVmKERML', 'user'),
(71, 'Gue', 'Mindy', 'mgue1y@ycombinator.com', 'kp8avk0rux', 'user'),
(72, 'Casarili', 'Johnathan', 'jcasarili1z@quantcast.com', 'aQFcc2VTT00W', 'user'),
(73, 'Gloyens', 'Town', 'tgloyens20@stumbleupon.com', 'YJLFdaxvZWW3', 'user'),
(74, 'Eagland', 'Rand', 'reagland21@nifty.com', 'tVPkqdDVHcCO', 'user'),
(75, 'Crickmer', 'Florencia', 'fcrickmer22@psu.edu', 'A3kzb28', 'user'),
(76, 'Alelsandrowicz', 'Gaylene', 'galelsandrowicz23@biglobe.ne.jp', 's6v2D4sAoB4l', 'user'),
(77, 'Czadla', 'Jamie', 'jczadla24@google.cn', 'zjqx07eSW', 'user'),
(78, 'Grindlay', 'Dunstan', 'dgrindlay25@goodreads.com', 'ObstrWxQ7dA', 'user'),
(79, 'Cuthbert', 'Marcile', 'mcuthbert26@networkadvertising.org', 'pE4IzQ0C', 'user'),
(80, 'Mainstone', 'Albrecht', 'amainstone27@cam.ac.uk', 'voBWvd0', 'user'),
(81, 'Ellul', 'Sayres', 'sellul28@illinois.edu', 'eIXcfgpI', 'user'),
(82, 'Baird', 'Josiah', 'jbaird29@github.io', 'x1Q9xvkdqqf', 'user'),
(83, 'Dickins', 'Veronica', 'vdickins2a@constantcontact.com', 'zttOxwv', 'user'),
(84, 'Neubigin', 'Delinda', 'dneubigin2b@wufoo.com', 'QOtsoUhBGT', 'user'),
(85, 'Drohane', 'Rhonda', 'rdrohane2c@mozilla.com', 'TxkFv4Zvv', 'user'),
(86, 'Torrent', 'Rosemaria', 'rtorrent2d@com.com', 'whue8QCOWg', 'user'),
(87, 'Cundy', 'Adolphe', 'acundy2e@facebook.com', 'Kc46yWelJ', 'user'),
(88, 'Titt', 'Wang', 'wtitt2f@fema.gov', 'oAfuwS', 'user'),
(89, 'Willshere', 'Meridith', 'mwillshere2g@theglobeandmail.com', 'e0KM7dJ', 'user'),
(90, 'Geeson', 'Gabi', 'ggeeson2h@t-online.de', 'jrXo93Fy2wO2', 'user'),
(91, 'MacConnel', 'Haley', 'hmacconnel2i@narod.ru', '1TNjrYlM', 'user'),
(92, 'Cleugh', 'Sanderson', 'scleugh2j@elegantthemes.com', 'RSK1OjW8MFu', 'user'),
(93, 'Brockhurst', 'Kingston', 'kbrockhurst2k@mapy.cz', 'Y406xg28nxn5', 'user'),
(94, 'Djurkovic', 'Cherianne', 'cdjurkovic2l@last.fm', 'h3rGYm9D', 'user'),
(95, 'Thurlby', 'Marigold', 'mthurlby2m@nasa.gov', 'Z1IRAw5', 'user'),
(96, 'Lafflin', 'Deborah', 'dlafflin2n@loc.gov', 'mLzJ2eRr', 'user'),
(97, 'Bowerman', 'Avictor', 'abowerman2o@cyberchimps.com', 'YTy15SDoWQc8', 'user'),
(98, 'Drance', 'Caitrin', 'cdrance2p@desdev.cn', 'poZyBjansaLQ', 'user'),
(99, 'Orrill', 'Arri', 'aorrill2q@google.ru', 'RIKiBLmvK0Q', 'user'),
(100, 'Sandwith', 'Freida', 'fsandwith2r@exblog.jp', 'aUxV2qG', 'user'),
(101, 'Nunnerley', 'Gay', 'gnunnerley2s@hud.gov', 'P0wEX6qm', 'user'),
(102, 'Wakeling', 'Bevvy', 'bwakeling2t@sakura.ne.jp', '0DBhEBzZ4Dke', 'user'),
(103, 'Ibell', 'Kermie', 'kibell2u@tinyurl.com', 'Yun6fBXaSi', 'user'),
(104, 'McVeagh', 'Daryl', 'dmcveagh2v@usgs.gov', 'IMM6WS438yMM', 'user'),
(105, 'Voelker', 'Sharia', 'svoelker2w@opensource.org', 'odEAu6RF', 'user'),
(106, 'Bassill', 'Ilyssa', 'ibassill2x@istockphoto.com', 'Ylpt7iSFT', 'user'),
(107, 'Beeston', 'Kirbee', 'kbeeston2y@jiathis.com', 'kVPEPGV9sme9', 'user'),
(108, 'Quiddinton', 'Rex', 'rquiddinton2z@statcounter.com', 'evWwoQ', 'user'),
(109, 'Pope', 'Aldwin', 'apope30@addthis.com', 'NFqJ6YaC17', 'user'),
(110, 'Kender', 'Margaretha', 'mkender31@cnn.com', '39r1StIhKub', 'user'),
(111, 'Lark', 'Brunhilde', 'blark32@virginia.edu', 'D2Q2qL3kptBM', 'user'),
(112, 'Crafter', 'Michel', 'mcrafter33@sohu.com', 'Y0L1AzDT', 'user'),
(113, 'Trinbey', 'Ilyse', 'itrinbey34@yolasite.com', 'meDE21R4KTbq', 'user'),
(114, 'Eisikowitch', 'Price', 'peisikowitch35@etsy.com', 'AZ2G6WZ', 'user'),
(115, 'Edkins', 'Kym', 'kedkins36@twitpic.com', 'lA5az4K', 'user'),
(116, 'Josling', 'Felicdad', 'fjosling37@answers.com', 'khMNTGBQR9O', 'user'),
(117, 'Yearns', 'Galvan', 'gyearns38@biblegateway.com', 'qAhFhJNe', 'user'),
(118, 'Towne', 'Fredia', 'ftowne39@google.pl', 'DOEkAmWbneN', 'user'),
(119, 'Hanhart', 'Esra', 'ehanhart3a@paginegialle.it', '6F11QzWuBN', 'user'),
(120, 'Connealy', 'Adoree', 'aconnealy3b@hubpages.com', '8ItJyZVcDU', 'user'),
(121, 'Cobbled', 'Leela', 'lcobbled3c@tinyurl.com', 'eGbCXbJlh7pY', 'user'),
(122, 'Iveson', 'Eli', 'eiveson3d@statcounter.com', 'Q629ANGD', 'user'),
(123, 'Bulfoot', 'Roxine', 'rbulfoot3e@ft.com', '3j60iRT46ppm', 'user'),
(124, 'End', 'Coral', 'cend3f@deviantart.com', 'CfK6QjEAA4C', 'user'),
(125, 'Fraine', 'Lilla', 'lfraine3g@instagram.com', 'cN0Xco6', 'user'),
(126, 'Jilliss', 'Jacintha', 'jjilliss3h@tinyurl.com', 'wPdg2Vy4', 'user'),
(127, 'Karolovsky', 'Leonidas', 'lkarolovsky3i@nba.com', 'EpVDVa', 'user'),
(128, 'Blockey', 'Annalee', 'ablockey3j@ow.ly', 'Mv04hWngGd', 'user'),
(129, 'Idney', 'Salvatore', 'sidney3k@google.cn', 'LqizfbRPa5DC', 'user'),
(130, 'Leggott', 'Padget', 'pleggott3l@gnu.org', 'DqOHViqOvEDK', 'user'),
(131, 'Gynn', 'Janice', 'jgynn3m@indiatimes.com', 'CPnUtc', 'user'),
(132, 'McMurray', 'Maryellen', 'mmcmurray3n@examiner.com', 'kMwXKC7OJ', 'user'),
(133, 'Bazoge', 'Clem', 'cbazoge3o@state.gov', '6hm3VshKLYy', 'user'),
(134, 'Yeoland', 'Sara', 'syeoland3p@unblog.fr', 'EB2u4X1I', 'user'),
(135, 'L\'argent', 'De witt', 'dlargent3q@blogtalkradio.com', 'CEX7U8z', 'user'),
(136, 'Cheek', 'Truman', 'tcheek3r@guardian.co.uk', 'b5COxwrw9LZ', 'user'),
(137, 'Jaslem', 'Pete', 'pjaslem3s@drupal.org', 'O4AzmXKNQ', 'user'),
(138, 'Padillo', 'Lazare', 'lpadillo3t@about.me', 'QrLtLHzFxwD', 'user'),
(139, 'Chillistone', 'Hadley', 'hchillistone3u@blogspot.com', 'B62bqeOzznG', 'user'),
(140, 'Ambrosch', 'Pet', 'pambrosch3v@craigslist.org', 'TMQMci8b5', 'user'),
(141, 'Banner', 'Annalee', 'abanner3w@amazonaws.com', 'rcrCYl', 'user'),
(142, 'Fountain', 'Duane', 'dfountain3x@baidu.com', 'T8qIxKmp', 'user'),
(143, 'Ketcher', 'Tallia', 'tketcher3y@thetimes.co.uk', 'IlQEX0CMQZb', 'user'),
(144, 'Roddick', 'Heloise', 'hroddick3z@gov.uk', 'oF7fhFc3s', 'user'),
(145, 'Jost', 'Meade', 'mjost40@whitehouse.gov', 'kqxUnaJ5ivvA', 'user'),
(146, 'Raoux', 'Lotte', 'lraoux41@pbs.org', 'jQBrvy', 'user'),
(147, 'Cammocke', 'Sam', 'scammocke42@gravatar.com', 'sv22mhzaJeZ', 'user'),
(148, 'Cockell', 'Yehudit', 'ycockell43@w3.org', 'BZSjZA1Dhv', 'user'),
(149, 'Urien', 'Mohandis', 'murien44@wsj.com', 'V4mqVhZf', 'user'),
(150, 'McEachern', 'Aime', 'amceachern45@privacy.gov.au', 'fIam7R2lwX', 'user'),
(151, 'Dauber', 'Meggie', 'mdauber46@google.nl', 'OzyEvf', 'user'),
(152, 'Riddlesden', 'Bella', 'briddlesden47@nationalgeographic.com', '9lnCXBUt', 'user'),
(153, 'Lavens', 'Gonzalo', 'glavens48@harvard.edu', 'DbDRSy', 'user'),
(154, 'Boyse', 'Annalise', 'aboyse49@youtu.be', '5R4UEv4YM', 'user'),
(155, 'Branwhite', 'Sonya', 'sbranwhite4a@blog.com', 'd6vitX', 'user'),
(156, 'Codlin', 'Prissie', 'pcodlin4b@1und1.de', '4cphATRO6vn', 'user'),
(157, 'Fairfoot', 'Ulysses', 'ufairfoot4c@google.it', '89JoYAJ', 'user'),
(158, 'Stackbridge', 'Jules', 'jstackbridge4d@umich.edu', '7TVFAAky5zd', 'user'),
(159, 'Holgan', 'Nathan', 'nholgan4e@meetup.com', 'aHAwnN02YH', 'user'),
(160, 'Vidler', 'Tallie', 'tvidler4f@shutterfly.com', 'Egfalb4A', 'user'),
(161, 'Lambertini', 'Prudi', 'plambertini4g@sphinn.com', 'qWNiY1e5', 'user'),
(162, 'Stannard', 'Redford', 'rstannard4h@ask.com', '3ltuvxpd', 'user'),
(163, 'Casper', 'Kristofor', 'kcasper4i@hao123.com', '0TWVYVXvz5', 'user'),
(164, 'Burgisi', 'Dre', 'dburgisi4j@howstuffworks.com', '0ykQfgZk5', 'user'),
(165, 'Manna', 'Jammie', 'jmanna4k@fastcompany.com', 'DXwFKTVpt', 'user'),
(166, 'Headey', 'Naomi', 'nheadey4l@wordpress.com', 'PSrNTElPkUUX', 'user'),
(167, 'De Caville', 'Conrado', 'cdecaville4m@epa.gov', 'kso3etY', 'user'),
(168, 'Cowland', 'Camel', 'ccowland4n@cbc.ca', 's0hGEtB', 'user'),
(169, 'Bungey', 'Zorana', 'zbungey4o@ebay.co.uk', 'TIatK9oH', 'user'),
(170, 'Brimman', 'Kalle', 'kbrimman4p@house.gov', 'VjH5Bs55bn8', 'user'),
(171, 'Winspurr', 'Ginevra', 'gwinspurr4q@ox.ac.uk', 'VJze8haU', 'user'),
(172, 'Flute', 'Steward', 'sflute4r@ocn.ne.jp', 'N16CGxvVKN', 'user'),
(173, 'Hansom', 'Cristina', 'chansom4s@sogou.com', 'CTgn8QQdJt', 'user'),
(174, 'Voice', 'Peyton', 'pvoice4t@loc.gov', '4PVnkqtw', 'user'),
(175, 'Law', 'Noelle', 'nlaw4u@huffingtonpost.com', 'Tx8bqWJal', 'user'),
(176, 'Cholomin', 'Alberta', 'acholomin4v@t.co', 'jgH8LXHL', 'user'),
(177, 'Hrishchenko', 'Antonius', 'ahrishchenko4w@washington.edu', 'JhUm04pNmt', 'user'),
(178, 'Colnett', 'Napoleon', 'ncolnett4x@who.int', 'kqDcph', 'user'),
(179, 'Paxton', 'Iver', 'ipaxton4y@alibaba.com', 'HXtMOJ5y8', 'user'),
(180, 'Lehr', 'Ivett', 'ilehr4z@purevolume.com', 'yyKO2cvf', 'user'),
(181, 'Hickeringill', 'Paton', 'phickeringill50@bandcamp.com', 'UoyqZE', 'user'),
(182, 'Errington', 'Bev', 'berrington51@dmoz.org', 'RQO0qSo', 'user'),
(183, 'Weddell', 'Oona', 'oweddell52@rakuten.co.jp', 'PAv6RgCMAy', 'user'),
(184, 'Ericsson', 'Austin', 'aericsson53@weebly.com', 'nUS2Vfnb8nz6', 'user'),
(185, 'Bellwood', 'Kakalina', 'kbellwood54@usnews.com', 'uoiEXp9jZFl', 'user'),
(186, 'Peerman', 'Linnea', 'lpeerman55@baidu.com', 'wGBcstI4m', 'user'),
(187, 'Heggs', 'Chrysler', 'cheggs56@boston.com', 'r5TmWVbCk', 'user'),
(188, 'Gomes', 'Berky', 'bgomes57@networkadvertising.org', '56Wjva95', 'user'),
(189, 'Roumier', 'Michail', 'mroumier58@joomla.org', 'ZN96jhiOXTaT', 'user'),
(190, 'Cocking', 'Bald', 'bcocking59@goo.ne.jp', 'rQycYrc5D3I', 'user'),
(191, 'Olohan', 'Thaxter', 'tolohan5a@census.gov', 'yIuD9MoYScU', 'user'),
(192, 'Cluney', 'Blaine', 'bcluney5b@state.gov', 'CLRbFjo', 'user'),
(193, 'Ivanov', 'Abey', 'aivanov5c@sohu.com', 'F9tmhs', 'user'),
(194, 'Stife', 'Shelbi', 'sstife5d@spiegel.de', 'lxqrISf', 'user'),
(195, 'Keijser', 'Pearle', 'pkeijser5e@ft.com', 'IMhzuYnNFcs', 'user'),
(196, 'Castel', 'Mandi', 'mcastel5f@1688.com', 'VYCs86V2', 'user'),
(197, 'Cornewall', 'Pacorro', 'pcornewall5g@google.it', 'nXDm1U', 'user'),
(198, 'Colthard', 'Retha', 'rcolthard5h@unesco.org', 'dn0QgkU', 'user'),
(199, 'Pahl', 'Deanna', 'dpahl5i@cam.ac.uk', 'bQ0kAKm', 'user'),
(200, 'Aps', 'Adriaens', 'aaps5j@symantec.com', '346voNVG', 'user'),
(201, 'Moules', 'Joshuah', 'jmoules5k@tumblr.com', 'mdy15o', 'user'),
(202, 'Cometson', 'Quinn', 'qcometson5l@wunderground.com', 'Gggrpyg6eP2', 'user'),
(203, 'Lomasna', 'Branden', 'blomasna5m@istockphoto.com', 'r623K3M7', 'user'),
(204, 'Altamirano', 'Mattie', 'maltamirano5n@adobe.com', '1kzda55Rw', 'user'),
(205, 'Bealing', 'Casey', 'cbealing5o@go.com', 'fjNPWcOn', 'user'),
(206, 'Dodds', 'Sandi', 'sdodds5p@whitehouse.gov', 'sxYYGgrWH', 'user'),
(207, 'Siflet', 'Tracy', 'tsiflet5q@a8.net', 'wMB4ml39u', 'user'),
(208, 'Larder', 'Loree', 'llarder5r@list-manage.com', 'HqOBSxt', 'user'),
(209, 'Paxforde', 'Grete', 'gpaxforde5s@sciencedirect.com', 'DPqeRi3df', 'user'),
(210, 'Gobbet', 'Barris', 'bgobbet5t@wix.com', 'e8Vbme', 'user'),
(211, 'Jeckells', 'Katalin', 'kjeckells5u@mediafire.com', 'ONlPx3', 'user'),
(212, 'MacAloren', 'Hillyer', 'hmacaloren5v@trellian.com', 'AOdf2kZik', 'user'),
(213, 'Davall', 'Adair', 'adavall5w@cmu.edu', 'W8gX6sIMPSa', 'user'),
(214, 'Sennett', 'Denice', 'dsennett5x@gizmodo.com', '191gzDL', 'user'),
(215, 'Ickowicz', 'Randolph', 'rickowicz5y@live.com', 'bTEu878nNzdu', 'user'),
(216, 'Caldes', 'Elinore', 'ecaldes5z@creativecommons.org', '16wnG70Sm2n7', 'user'),
(217, 'Bacchus', 'Aldo', 'abacchus60@bloglines.com', 'VcoFBEOj36WI', 'user'),
(218, 'Isakowicz', 'Andra', 'aisakowicz61@cnn.com', 'JTSR01l09rI', 'user'),
(219, 'Cave', 'Gillie', 'gcave62@omniture.com', 'CV7R1N', 'user'),
(220, 'Fylan', 'Brendon', 'bfylan63@exblog.jp', 'ZEEIh9PMg8B', 'user'),
(221, 'Ticehurst', 'Chandler', 'cticehurst64@mail.ru', 'FUpiZl6tWXEx', 'user'),
(222, 'Rogerot', 'Killian', 'krogerot65@edublogs.org', 'd4rj5NFhFbl', 'user'),
(223, 'Ashcroft', 'Peadar', 'pashcroft66@4shared.com', 'PQzVnAm', 'user'),
(224, 'Burfoot', 'Dolli', 'dburfoot67@infoseek.co.jp', 'V9dsWj', 'user'),
(225, 'Sanbrooke', 'Andriette', 'asanbrooke68@biblegateway.com', '2CONf0Plo', 'user'),
(226, 'Eschalotte', 'Chantalle', 'ceschalotte69@accuweather.com', 'Hppit54Z', 'user'),
(227, 'Bartolomeoni', 'Eadith', 'ebartolomeoni6a@g.co', '0FYe4f', 'user'),
(228, 'Peyntue', 'Brande', 'bpeyntue6b@desdev.cn', 'Oyf9uXtQ', 'user'),
(229, 'Humble', 'Carmon', 'chumble6c@xing.com', 'QeRzHvmG5xkP', 'user'),
(230, 'Lumpkin', 'Peterus', 'plumpkin6d@so-net.ne.jp', 'c4wnXe6wZkXM', 'user'),
(231, 'Gundrey', 'Tiff', 'tgundrey6e@noaa.gov', 'tjeVrg7R', 'user'),
(232, 'Mc Ilwrick', 'Kele', 'kmcilwrick6f@skyrock.com', 'URqhwsSq', 'user'),
(233, 'Gander', 'Jodee', 'jgander6g@jugem.jp', 'mXrGz1kpU5QA', 'user'),
(234, 'Firpi', 'Kylie', 'kfirpi6h@vimeo.com', 'l6kI3ML', 'user'),
(235, 'MacAiline', 'Reube', 'rmacailine6i@issuu.com', 'iqCHPULcSXPL', 'user'),
(236, 'Nichol', 'Matthus', 'mnichol6j@livejournal.com', 'hCJpcgsjt', 'user'),
(237, 'Mill', 'Lorri', 'lmill6k@example.com', 'zgmOnz1OIX', 'user'),
(238, 'Guilder', 'Rafael', 'rguilder6l@cargocollective.com', 'aF0jBdLk', 'user'),
(239, 'Bracknell', 'Dominique', 'dbracknell6m@usa.gov', 'G3E1ZObjTz', 'user'),
(240, 'Gerrets', 'Miriam', 'mgerrets6n@blogspot.com', 'Na4pEWkhNd', 'user'),
(241, 'Allibon', 'Bogey', 'ballibon6o@usgs.gov', 'ZfIPlly1xlSz', 'user'),
(242, 'Annear', 'Norina', 'nannear6p@wisc.edu', 'nkwneffVvEm', 'user'),
(243, 'McIvor', 'Nanette', 'nmcivor6q@cbslocal.com', 'XLd0Zry', 'user'),
(244, 'Dunmore', 'Leanna', 'ldunmore6r@upenn.edu', 'VqXSbXgn7', 'user'),
(245, 'Troak', 'Angela', 'atroak6s@hp.com', 'uWOfZOlCd', 'user'),
(246, 'Warfield', 'Pansy', 'pwarfield6t@dailymotion.com', 'wB5suVe9', 'user'),
(247, 'Atwood', 'Jackqueline', 'jatwood6u@linkedin.com', 'OCpbxh1saCW', 'user'),
(248, 'McLaine', 'Cobbie', 'cmclaine6v@infoseek.co.jp', 'D6KM2cg', 'user'),
(249, 'Stuehmeier', 'Garnette', 'gstuehmeier6w@toplist.cz', 'yyV6edOuXVNq', 'user'),
(250, 'Cockin', 'Neile', 'ncockin6x@istockphoto.com', 'bi40410Hmvh', 'user'),
(251, 'Fante', 'Tamiko', 'tfante6y@wikispaces.com', 'SSbpaaxd', 'user'),
(252, 'Cready', 'Moore', 'mcready6z@google.cn', 'hii70ll2A', 'user'),
(253, 'Dobing', 'Jocelyne', 'jdobing70@nih.gov', 'b0zEUVlfICs', 'user'),
(254, 'Lusted', 'Flynn', 'flusted71@craigslist.org', 'QIIJQmVfTn', 'user'),
(255, 'Toms', 'Norris', 'ntoms72@ihg.com', 'rqIxxpzmks6', 'user'),
(256, 'Farress', 'Maybelle', 'mfarress73@dell.com', '7oUX6TISQWM', 'user'),
(257, 'Motton', 'Wheeler', 'wmotton74@etsy.com', 'VTK4WpV', 'user'),
(258, 'Febre', 'Gardener', 'gfebre75@cbslocal.com', 'coqEKOqfeZ', 'user'),
(259, 'Rosellini', 'Eartha', 'erosellini76@umn.edu', 'Bm2HbCtQbO', 'user'),
(260, 'Goodhew', 'Frasier', 'fgoodhew77@google.ru', '2TY8aa0o4', 'user'),
(261, 'Rides', 'Anissa', 'arides78@4shared.com', 'oC2oFG9ks9h1', 'user'),
(262, 'Snowdon', 'Courtney', 'csnowdon79@census.gov', 'Kd1bHjIVW', 'user'),
(263, 'Gunson', 'Annabelle', 'agunson7a@imageshack.us', 'T8MzqO', 'user'),
(264, 'Dalman', 'Luci', 'ldalman7b@webs.com', 'nDDioMzL6', 'user'),
(265, 'Wisson', 'Tanitansy', 'twisson7c@cafepress.com', 'pZZJ51gW', 'user'),
(266, 'Attrie', 'Thorndike', 'tattrie7d@joomla.org', '6wuApoTx', 'user'),
(267, 'Anneslie', 'Maddy', 'manneslie7e@miibeian.gov.cn', '8wI3yg', 'user'),
(268, 'Kettley', 'Luigi', 'lkettley7f@guardian.co.uk', 'qXhoDWJ', 'user'),
(269, 'Quick', 'Judas', 'jquick7g@nsw.gov.au', 'YBHoEAzibea3', 'user'),
(270, 'Oldroyd', 'Adler', 'aoldroyd7h@t-online.de', '1l6ckbT7t', 'user'),
(271, 'Avrashin', 'Daffi', 'davrashin7i@wikia.com', 'wUlMInlBS', 'user'),
(272, 'Dreini', 'Iolande', 'idreini7j@google.com.br', 'YW1d53xzO', 'user'),
(273, 'McInnery', 'Rawley', 'rmcinnery7k@stanford.edu', 'e1HcSv4', 'user'),
(274, 'Uwins', 'Babita', 'buwins7l@reuters.com', 'E1sqm9m', 'user'),
(275, 'Francombe', 'Major', 'mfrancombe7m@sciencedaily.com', 'FPtHX5', 'user'),
(276, 'Mattiazzo', 'Sullivan', 'smattiazzo7n@disqus.com', 'fH55Qcr', 'user'),
(277, 'Souness', 'Alvin', 'asouness7o@state.gov', 'wsBoAZ', 'user'),
(278, 'Nolder', 'Ceil', 'cnolder7p@instagram.com', 'BITR5bBkd', 'user'),
(279, 'Sauvan', 'Adan', 'asauvan7q@is.gd', 'Ho3TQTQw', 'user'),
(280, 'Lambdin', 'Ariel', 'alambdin7r@blinklist.com', 'B1A4tnJzBj3', 'user'),
(281, 'Pennicott', 'Murial', 'mpennicott7s@auda.org.au', 'bQSco8j6YQ', 'user'),
(282, 'Metts', 'Bengt', 'bmetts7t@harvard.edu', 'JQZ8pH6', 'user'),
(283, 'Breakwell', 'Heath', 'hbreakwell7u@foxnews.com', 'Rmt8M4tUskDO', 'user'),
(284, 'Dimbleby', 'Ted', 'tdimbleby7v@amazon.com', 'eThHKrRXwc', 'user'),
(285, 'Roach', 'Suzanna', 'sroach7w@ycombinator.com', 'fEo8emKq', 'user'),
(286, 'Moth', 'Davidson', 'dmoth7x@huffingtonpost.com', 'CnrFhwy', 'user'),
(287, 'Cordery', 'Devonne', 'dcordery7y@odnoklassniki.ru', 'cw9JemP', 'user'),
(288, 'Curtois', 'Fredek', 'fcurtois7z@google.com.hk', 'RNjmNJnK', 'user'),
(289, 'Sarton', 'Kat', 'ksarton80@weebly.com', 'IlsScgjsKC', 'user'),
(290, 'Rydzynski', 'Anitra', 'arydzynski81@phoca.cz', 'FfeL4y', 'user'),
(291, 'Bore', 'Mallory', 'mbore82@psu.edu', 'ckWjFGqGk', 'user'),
(292, 'Frays', 'Tedie', 'tfrays83@edublogs.org', 'JT99Ru', 'user'),
(293, 'Halksworth', 'Haskel', 'hhalksworth84@foxnews.com', 'Yf5yCf', 'user'),
(294, 'Olesen', 'Wilburt', 'wolesen85@printfriendly.com', 'ibeo1vp0C', 'user'),
(295, 'Castelletti', 'Diann', 'dcastelletti86@amazon.co.jp', 'hu4mNp', 'user'),
(296, 'MacNamee', 'Niles', 'nmacnamee87@gizmodo.com', 'kUkYdJq', 'user'),
(297, 'Brangan', 'Gusty', 'gbrangan88@imgur.com', 'cHBAoHeh', 'user'),
(298, 'Oldis', 'Judith', 'joldis89@issuu.com', 'dXMT5z', 'user'),
(299, 'Taffarello', 'Christiano', 'ctaffarello8a@google.de', 'BUzBG9MdMS', 'user'),
(300, 'Withnall', 'Kingston', 'kwithnall8b@yale.edu', 'KSM0R9', 'user'),
(301, 'Ohlsen', 'Aldrich', 'aohlsen8c@istockphoto.com', 'RKs7OsMkx2', 'user'),
(302, 'Porcher', 'Inigo', 'iporcher8d@a8.net', 'vckK5XNBOM', 'user'),
(303, 'Gilham', 'Maitilde', 'mgilham8e@slashdot.org', 'RsA9Urtlg', 'user'),
(304, 'Bignall', 'Berenice', 'bbignall8f@google.ru', 'yqgdjLN', 'user'),
(305, 'Srutton', 'Hans', 'hsrutton8g@twitpic.com', '2ZFPYBz0S5', 'user'),
(306, 'Luby', 'Tarra', 'tluby8h@drupal.org', '1QaVXDi', 'user'),
(307, 'Gheorghescu', 'Hyacinth', 'hgheorghescu8i@geocities.jp', 'PdLSrbnDC0my', 'user'),
(308, 'Slocumb', 'Kathe', 'kslocumb8j@epa.gov', 'nOENIGe', 'user'),
(309, 'Guidetti', 'Glynis', 'gguidetti8k@seattletimes.com', 'yGRZ2i', 'user'),
(310, 'Bartalot', 'Cristy', 'cbartalot8l@ow.ly', 'VfFciAo5BfJ', 'user'),
(311, 'Marin', 'Nowell', 'nmarin8m@netlog.com', 'lafEDZspfxb4', 'user'),
(312, 'Lamort', 'Christye', 'clamort8n@blinklist.com', 'iFfrCZi', 'user'),
(313, 'Lepope', 'Quinn', 'qlepope8o@dropbox.com', 'pz1ATCxWNVuF', 'user'),
(314, 'Cheson', 'Halli', 'hcheson8p@squarespace.com', 'IE4itYYs1oII', 'user'),
(315, 'Glenfield', 'Gamaliel', 'gglenfield8q@slideshare.net', '8g3IVovNKjwb', 'user'),
(316, 'Gear', 'Hercules', 'hgear8r@flickr.com', 'w2iiqPM', 'user'),
(317, 'Simmonett', 'Joaquin', 'jsimmonett8s@creativecommons.org', 'SVvmO9ZLlf9', 'user'),
(318, 'Streatfield', 'Verine', 'vstreatfield8t@stumbleupon.com', '36v4TJtWdLKU', 'user'),
(319, 'Tate', 'Garv', 'gtate8u@mayoclinic.com', 'UnPdN4', 'user'),
(320, 'Chaize', 'Ichabod', 'ichaize8v@walmart.com', '3HWm7c1M', 'user'),
(321, 'Offen', 'Gilligan', 'goffen8w@huffingtonpost.com', 'UKupMzZqM', 'user'),
(322, 'Pendre', 'Evelyn', 'ependre8x@ted.com', 'sNd01dJutL1s', 'user'),
(323, 'Windress', 'Arleta', 'awindress8y@github.com', 'jYcE4BH2JO', 'user'),
(324, 'Leivesley', 'Lilyan', 'lleivesley8z@gnu.org', 'aqbxaCy', 'user'),
(325, 'McLachlan', 'Janessa', 'jmclachlan90@theglobeandmail.com', 'wnQH1d', 'user'),
(326, 'Fearnall', 'Ellette', 'efearnall91@google.nl', 'ayQbZqCf', 'user'),
(327, 'Sings', 'Fiona', 'fsings92@businessinsider.com', 'rELID0pnpp5', 'user'),
(328, 'Braunroth', 'Davis', 'dbraunroth93@prweb.com', 'pbFneftcnS', 'user'),
(329, 'Beatey', 'Sarine', 'sbeatey94@nsw.gov.au', 'O1Wu31N7', 'user'),
(330, 'Sholem', 'Aldon', 'asholem95@furl.net', '2uGH3kVp', 'user'),
(331, 'Lohan', 'Kev', 'klohan96@omniture.com', 'qyLQIXWmo', 'user'),
(332, 'Strathman', 'Baudoin', 'bstrathman97@wp.com', 'dcYEqrWae', 'user'),
(333, 'Tabner', 'Nataline', 'ntabner98@mapy.cz', '5JrNTAP6gzNG', 'user'),
(334, 'Churly', 'Helyn', 'hchurly99@zdnet.com', 'ZtZ2lK', 'user'),
(335, 'Skewes', 'Joya', 'jskewes9a@smugmug.com', 'AaA3yqmCKH', 'user'),
(336, 'Immins', 'Ellie', 'eimmins9b@businesswire.com', 'j8uJwftATn', 'user'),
(337, 'Mathelon', 'Mickie', 'mmathelon9c@moonfruit.com', 'gmYdOS', 'user'),
(338, 'Mahaddie', 'Zahara', 'zmahaddie9d@addtoany.com', 'OWYd1Ap9zc', 'user'),
(339, 'Griffitt', 'Abigail', 'agriffitt9e@rediff.com', '59emMS8E', 'user'),
(340, 'Donnachie', 'Milli', 'mdonnachie9f@businesswire.com', '81sXzR', 'user'),
(341, 'Farrans', 'Brandise', 'bfarrans9g@etsy.com', 'Z6bkhga4', 'user'),
(342, 'Farmar', 'Kylen', 'kfarmar9h@usatoday.com', '8Ro76gGsa', 'user'),
(343, 'Jaquest', 'Hal', 'hjaquest9i@jigsy.com', 'O74L2W7JcOgm', 'user'),
(344, 'Bearcock', 'Perle', 'pbearcock9j@cbslocal.com', 'jOukEIJ', 'user'),
(345, 'Grigorushkin', 'Emyle', 'egrigorushkin9k@google.ru', 'SYBeVxoxxi', 'user'),
(346, 'Torrans', 'Cheston', 'ctorrans9l@mlb.com', 'IfEnCJSI0', 'user'),
(347, 'Motte', 'Stanislas', 'smotte9m@flavors.me', 'CPLM2G', 'user'),
(348, 'Civitillo', 'Billie', 'bcivitillo9n@usa.gov', 'TglrDKWROBF', 'user'),
(349, 'Youson', 'Inge', 'iyouson9o@ibm.com', 'yFea5M', 'user'),
(350, 'Dine-Hart', 'Rosana', 'rdinehart9p@pcworld.com', 'L5xEYpV0SP', 'user'),
(351, 'Heiden', 'Orazio', 'oheiden9q@umich.edu', 'r951mgaJ', 'user'),
(352, 'Bonas', 'Murdoch', 'mbonas9r@youtube.com', '1C01wcG9l3i', 'user'),
(353, 'Flintiff', 'Garnette', 'gflintiff9s@w3.org', 'nwN6EF50VXv', 'user'),
(354, 'Maydway', 'Maximilian', 'mmaydway9t@wisc.edu', 'Rd4AFV1B7', 'user'),
(355, 'Slipper', 'Sergent', 'sslipper9u@bloglovin.com', '9VkOSC', 'user'),
(356, 'Jessen', 'Glory', 'gjessen9v@msu.edu', 'CpTzBMA8hUo', 'user'),
(357, 'Wanne', 'Herbie', 'hwanne9w@webnode.com', 'GZwfN6pW8N', 'user'),
(358, 'Pettit', 'Gerry', 'gpettit9x@myspace.com', 'du2C7bicEv', 'user'),
(359, 'Caren', 'Dedie', 'dcaren9y@jugem.jp', '1kbcey', 'user'),
(360, 'Kment', 'Marielle', 'mkment9z@amazon.com', 'kVAYHbxMOWl', 'user'),
(361, 'Cawse', 'Reagen', 'rcawsea0@hexun.com', 'zJTKStrj', 'user'),
(362, 'Deex', 'Cherlyn', 'cdeexa1@hibu.com', 'GYkkxY', 'user'),
(363, 'Dedney', 'Holmes', 'hdedneya2@mediafire.com', '4KWxhP', 'user'),
(364, 'Whitemarsh', 'Alvy', 'awhitemarsha3@shinystat.com', 'EBlm8ZWijR', 'user'),
(365, 'Kettell', 'Vassili', 'vkettella4@fda.gov', 'pAmhkNX', 'user'),
(366, 'Glenn', 'Caryl', 'cglenna5@stanford.edu', '3u3oV3L0', 'user'),
(367, 'Cater', 'Rosene', 'rcatera6@bloglines.com', 'p52MKjTtBiF', 'user'),
(368, 'Rhucroft', 'Constancy', 'crhucrofta7@census.gov', 'TCy8uszj5wg0', 'user'),
(369, 'Bahde', 'Liam', 'lbahdea8@ucsd.edu', 'qGQeCl', 'user'),
(370, 'Wank', 'Kyle', 'kwanka9@privacy.gov.au', 'VZmVUziHvj', 'user'),
(371, 'Potapczuk', 'Xenos', 'xpotapczukaa@blogspot.com', 'cnOeEOKMf', 'user'),
(372, 'Lambden', 'Vanessa', 'vlambdenab@indiatimes.com', 'NIPIwN', 'user'),
(373, 'Abethell', 'Anne-marie', 'aabethellac@privacy.gov.au', 'zN3r0VDPpd', 'user'),
(374, 'Breming', 'Isak', 'ibremingad@miibeian.gov.cn', '4RekKfY6QexF', 'user'),
(375, 'Frantzeni', 'Chaddy', 'cfrantzeniae@csmonitor.com', '7LKmmx', 'user'),
(376, 'Horche', 'Roda', 'rhorcheaf@abc.net.au', 'gZhO64b', 'user'),
(377, 'Gadaud', 'Karney', 'kgadaudag@ameblo.jp', 'kdVNNj', 'user'),
(378, 'Carr', 'Hashim', 'hcarrah@spotify.com', '3X7SvLwIks', 'user'),
(379, 'Ferrillio', 'Germain', 'gferrillioai@nhs.uk', '2NuAlzynoTJH', 'user'),
(380, 'Glazebrook', 'Renate', 'rglazebrookaj@wikimedia.org', 'skIgzoc9', 'user'),
(381, 'Swigger', 'Jakob', 'jswiggerak@over-blog.com', 'jFWEXOU', 'user'),
(382, 'Jackalin', 'Bess', 'bjackalinal@parallels.com', 'kwBVaCdP', 'user'),
(383, 'Eden', 'Burk', 'bedenam@bloglines.com', '6HGdEibWc', 'user'),
(384, 'Attwoul', 'Else', 'eattwoulan@parallels.com', 'pzW3lyatw', 'user'),
(385, 'Mangion', 'Bevan', 'bmangionao@hhs.gov', 'AoeTEJDrtsU', 'user'),
(386, 'Guslon', 'Ronica', 'rguslonap@dion.ne.jp', 'ZS4BRvOXz', 'user'),
(387, 'Nottram', 'Uriel', 'unottramaq@sitemeter.com', 'LtZ2mbyUJtmS', 'user'),
(388, 'Goodhew', 'Hermon', 'hgoodhewar@aboutads.info', '4mKd0HfhT1', 'user'),
(389, 'Beesley', 'Kata', 'kbeesleyas@redcross.org', 'VmU6hUo73g1a', 'user'),
(390, 'Gabby', 'Elfrida', 'egabbyat@umn.edu', 'LOIjIcp', 'user'),
(391, 'Posnett', 'Conan', 'cposnettau@drupal.org', 'PuS0PjcAqdZV', 'user'),
(392, 'Caulcutt', 'Britney', 'bcaulcuttav@wikispaces.com', 'PmPCaGK8C', 'user'),
(393, 'Chastelain', 'Cecil', 'cchastelainaw@flavors.me', 'vuhIkfvv', 'user'),
(394, 'Trythall', 'Grata', 'gtrythallax@uiuc.edu', 'H8wvVW', 'user'),
(395, 'Talbot', 'Noami', 'ntalbotay@dailymotion.com', 'qSQJd0', 'user'),
(396, 'Ferenczy', 'Lyn', 'lferenczyaz@wunderground.com', 'ySolYGQM', 'user'),
(397, 'Stiling', 'Jerrome', 'jstilingb0@plala.or.jp', 'CBAWE0Y', 'user'),
(398, 'Allso', 'Duane', 'dallsob1@a8.net', 'HMR2HX', 'user'),
(399, 'Eglin', 'Honor', 'heglinb2@discuz.net', 'T7g1toinpwZF', 'user'),
(400, 'Hamp', 'Marshal', 'mhampb3@free.fr', 'ow33JNtI', 'user'),
(401, 'Slixby', 'Rosalinde', 'rslixbyb4@nasa.gov', 'u5EIDVEw7dO', 'user'),
(402, 'de Guise', 'Haskel', 'hdeguiseb5@fc2.com', 'lAB3G5lJET4', 'user'),
(403, 'Palfrey', 'Dietrich', 'dpalfreyb6@pcworld.com', 'TX8TqvuI', 'user'),
(404, 'Secret', 'Phillipp', 'psecretb7@moonfruit.com', 'ReRsAW4DiH40', 'user'),
(405, 'Shepherd', 'Alison', 'ashepherdb8@nasa.gov', 'amsZide', 'user'),
(406, 'Dowey', 'Corry', 'cdoweyb9@shop-pro.jp', 'KFRIGy5', 'user'),
(407, 'Bubbings', 'Adrianna', 'abubbingsba@state.gov', 'AGAQbb3', 'user'),
(408, 'Fishburn', 'Phyllis', 'pfishburnbb@newyorker.com', 'whEEu1Y5uE', 'user'),
(409, 'Iacovozzo', 'Betty', 'biacovozzobc@networksolutions.com', '9ZM99L', 'user'),
(410, 'Corona', 'Lou', 'lcoronabd@nba.com', '53KVq0f', 'user'),
(411, 'Brahan', 'Clemmie', 'cbrahanbe@technorati.com', 'IlarYSlheHd', 'user'),
(412, 'Attyeo', 'Rebeca', 'rattyeobf@home.pl', 'BIGQm6xkyKjB', 'user'),
(413, 'Buzine', 'Latia', 'lbuzinebg@stanford.edu', 'sSvuWTeJlpz', 'user'),
(414, 'MacMechan', 'Farah', 'fmacmechanbh@tumblr.com', 'UXGZxZ', 'user'),
(415, 'Demange', 'Alla', 'ademangebi@zimbio.com', 'xChqbXkfr', 'user'),
(416, 'Theyer', 'Gabby', 'gtheyerbj@naver.com', 'xhJ3LNQ2zdY4', 'user'),
(417, 'Pirdy', 'Cilka', 'cpirdybk@google.fr', 'Jw9hDsvj', 'user'),
(418, 'Barnsley', 'Bella', 'bbarnsleybl@auda.org.au', 'HYLiTCQ', 'user'),
(419, 'Sherwell', 'Trudey', 'tsherwellbm@chron.com', 'CWZte98i1', 'user'),
(420, 'Flatt', 'Niccolo', 'nflattbn@yellowpages.com', 'KwTu7ilh', 'user'),
(421, 'Ashford', 'Kamilah', 'kashfordbo@ftc.gov', 'wL54CDU1EjF', 'user'),
(422, 'Soames', 'Edgar', 'esoamesbp@ustream.tv', 'axIKtq', 'user'),
(423, 'Sturr', 'Silvanus', 'ssturrbq@joomla.org', 'kc83X5ivxh2', 'user'),
(424, 'Blaymires', 'Gusella', 'gblaymiresbr@wix.com', 'hSB2ETOWBh6H', 'user'),
(425, 'Fern', 'Trueman', 'tfernbs@examiner.com', 'BP4fcSA0vP0O', 'user'),
(426, 'Kliesl', 'Lark', 'lklieslbt@smugmug.com', 'jIURUG', 'user'),
(427, 'Beringer', 'Josee', 'jberingerbu@furl.net', 'Ya1UPycvq1', 'user'),
(428, 'Kettoe', 'Lydie', 'lkettoebv@sakura.ne.jp', 'URGELkC', 'user'),
(429, 'Burgess', 'Stephan', 'sburgessbw@icq.com', 'ObGbu3', 'user'),
(430, 'Brocking', 'Druci', 'dbrockingbx@cam.ac.uk', '3yWaSSh', 'user'),
(431, 'Gillings', 'Win', 'wgillingsby@princeton.edu', 'FwL3vQdNoGsS', 'user'),
(432, 'Dicte', 'Quinlan', 'qdictebz@time.com', 'tLmDyjge1kSS', 'user'),
(433, 'Adcocks', 'Gui', 'gadcocksc0@who.int', '2Aabr6M', 'user'),
(434, 'Glassopp', 'Pavel', 'pglassoppc1@meetup.com', 'EaN8TMrr', 'user'),
(435, 'Theakston', 'Malachi', 'mtheakstonc2@last.fm', 'xFzmenj', 'user'),
(436, 'Ghest', 'Stan', 'sghestc3@hexun.com', 'oniiz7jazxRI', 'user'),
(437, 'Jorgensen', 'Michale', 'mjorgensenc4@sogou.com', 'LacLcY', 'user'),
(438, 'Sunderland', 'Katrine', 'ksunderlandc5@lycos.com', 'T0mWAfDcsYfe', 'user'),
(439, 'Lathom', 'Ainsley', 'alathomc6@yandex.ru', 'xsZa1NtzVgW', 'user'),
(440, 'Butler-Bowdon', 'Kordula', 'kbutlerbowdonc7@admin.ch', 'V6nnbA0oxow', 'user'),
(441, 'Musterd', 'Saunder', 'smusterdc8@dyndns.org', 'EXphFyhpqoo', 'user'),
(442, 'McGinn', 'Granny', 'gmcginnc9@examiner.com', 'd5mDXdg', 'user'),
(443, 'Odby', 'Sherry', 'sodbyca@dell.com', '4E2d25W', 'user'),
(444, 'Akred', 'Olivie', 'oakredcb@indiatimes.com', 'Rngq0WQ2Ss', 'user'),
(445, 'Ovendon', 'Eliot', 'eovendoncc@psu.edu', 'mCJUAfk', 'user'),
(446, 'Wetherburn', 'Prudi', 'pwetherburncd@hatena.ne.jp', 'zGfeXO1nrN', 'user'),
(447, 'Cay', 'Chiquia', 'ccayce@elpais.com', 'NhbDAR6iMIw6', 'user'),
(448, 'Oscroft', 'Kimbra', 'koscroftcf@cnn.com', 'hdaoGg3m9y5O', 'user'),
(449, 'Cholonin', 'Somerset', 'scholonincg@admin.ch', 'jxI0GqdhO1', 'user'),
(450, 'Gerrish', 'Benedetta', 'bgerrishch@yolasite.com', 'MCoVU4wTV04w', 'user'),
(451, 'Brashaw', 'Wynn', 'wbrashawci@marriott.com', 'tBioRcPnqX', 'user'),
(452, 'Sandbach', 'Guendolen', 'gsandbachcj@guardian.co.uk', 'MS8aSA', 'user'),
(453, 'Fitch', 'Tuck', 'tfitchck@slate.com', '8winNGZhJ', 'user'),
(454, 'Ellerton', 'Marsha', 'mellertoncl@economist.com', 'Sw0BsxL8Uz0G', 'user'),
(455, 'Hackelton', 'Virgilio', 'vhackeltoncm@privacy.gov.au', 'lZ6oLCoWh', 'user'),
(456, 'Nutt', 'Miguel', 'mnuttcn@timesonline.co.uk', 'HuLlMjV7KQG4', 'user'),
(457, 'Amiranda', 'Desiree', 'damirandaco@amazon.com', 'ADk3B7', 'user'),
(458, 'Sumner', 'Tish', 'tsumnercp@wufoo.com', 'A1MOvGVoKhEY', 'user'),
(459, 'Missenden', 'Elyn', 'emissendencq@who.int', 'VF6I62', 'user'),
(460, 'Karlsson', 'Murielle', 'mkarlssoncr@examiner.com', 'EcTAPpsy', 'user'),
(461, 'Tuffs', 'Chaddy', 'ctuffscs@zdnet.com', 'y6KcFWONRxK', 'user'),
(462, 'Corkan', 'Edouard', 'ecorkanct@techcrunch.com', '3R2ssU0Adxf', 'user'),
(463, 'Hounson', 'Ronny', 'rhounsoncu@mapquest.com', '1EfFvbK', 'user'),
(464, 'Hue', 'Dennet', 'dhuecv@vkontakte.ru', '1ItxNme', 'user'),
(465, 'Shaughnessy', 'Dolli', 'dshaughnessycw@bizjournals.com', '2ENHU8tLqztG', 'user'),
(466, 'Trippitt', 'Chantalle', 'ctrippittcx@nifty.com', 'mFmwpz2gN', 'user'),
(467, 'Schaumaker', 'Langston', 'lschaumakercy@gmpg.org', '9KSWbJFqcXQE', 'user'),
(468, 'MacLise', 'Zeb', 'zmaclisecz@csmonitor.com', 'Sj6uh1UYHAy', 'user'),
(469, 'Warren', 'Junie', 'jwarrend0@amazon.de', 'bwJnTU6hRd', 'user'),
(470, 'Edrich', 'Sherwynd', 'sedrichd1@technorati.com', '0yjr5kj', 'user'),
(471, 'Vakhrushev', 'Karim', 'kvakhrushevd2@buzzfeed.com', 'YRFOxae1X', 'user'),
(472, 'Faltin', 'Had', 'hfaltind3@shop-pro.jp', 'IWflcO1Z', 'user'),
(473, 'Toombs', 'Germaine', 'gtoombsd4@baidu.com', 'u27XL6', 'user'),
(474, 'Thomsson', 'Yorker', 'ythomssond5@cam.ac.uk', 'SaTC46GTXG66', 'user'),
(475, 'Sigart', 'Tiphani', 'tsigartd6@loc.gov', 'MMaS8VCz4iY', 'user'),
(476, 'Ritmeyer', 'Lonnie', 'lritmeyerd7@hexun.com', 'vWYxok', 'user'),
(477, 'Scoggins', 'Harrietta', 'hscogginsd8@sciencedirect.com', 'NvI946', 'user'),
(478, 'Tesdale', 'Mal', 'mtesdaled9@archive.org', 'TuhGA8sQX', 'user'),
(479, 'Grent', 'Frederic', 'fgrentda@techcrunch.com', '1EtwiJei', 'user'),
(480, 'Gettins', 'Georgia', 'ggettinsdb@geocities.jp', 'GJZIlz2xVNP', 'user'),
(481, 'Bogays', 'Lily', 'lbogaysdc@economist.com', 'XFgwLnRBMx', 'user'),
(482, 'Preece', 'Katrine', 'kpreecedd@salon.com', '3DIvGuVAVN', 'user'),
(483, 'Sangra', 'Merwin', 'msangrade@time.com', 'qFHLG5DEcJ93', 'user'),
(484, 'Alwen', 'Dom', 'dalwendf@auda.org.au', 't2IXHcXZ', 'user'),
(485, 'Nottingam', 'Cherey', 'cnottingamdg@princeton.edu', 'RNwP95AR', 'user'),
(486, 'Spradbrow', 'Diane-marie', 'dspradbrowdh@disqus.com', 'VyqGwpNK', 'user'),
(487, 'Kearford', 'Petronia', 'pkearforddi@cafepress.com', 'vp3fLY', 'user'),
(488, 'Gally', 'Arri', 'agallydj@nymag.com', 'MOLYO72cg', 'user'),
(489, 'Antley', 'Theodore', 'tantleydk@ted.com', 'C3IWB8zK7hh', 'user'),
(490, 'Votier', 'Jody', 'jvotierdl@tuttocitta.it', 'iCz9tEyYRu', 'user'),
(491, 'Metrick', 'Reginauld', 'rmetrickdm@miibeian.gov.cn', 'wsqqi6YXLDx', 'user'),
(492, 'Teenan', 'June', 'jteenandn@sciencedaily.com', 'lBdQ2lUIPYg9', 'user'),
(493, 'Graeber', 'Eileen', 'egraeberdo@biglobe.ne.jp', 'hQ6IzeuVKAr', 'user'),
(494, 'Rubinek', 'Delmer', 'drubinekdp@blogger.com', '381xZ4', 'user'),
(495, 'Benning', 'Dulsea', 'dbenningdq@vistaprint.com', 'NA6QbWZyv', 'user'),
(496, 'Northing', 'Erie', 'enorthingdr@issuu.com', 'DIMfFuSNJ', 'user'),
(497, 'Skegg', 'Janaye', 'jskeggds@google.co.jp', 'aNyf5isp1', 'user'),
(498, 'McFadin', 'Hedi', 'hmcfadindt@bluehost.com', 'kjeAu9wki21q', 'user'),
(499, 'Tolossi', 'Collete', 'ctolossidu@cbslocal.com', 'Xrm8bwGgo', 'user'),
(500, 'Broughton', 'Ruttger', 'rbroughtondv@cloudflare.com', 'TBmJTry7', 'user'),
(501, 'Winspeare', 'Kendricks', 'kwinspearedw@gnu.org', 'JR0lOWuVQO', 'user'),
(502, 'MacTrustie', 'Geri', 'gmactrustiedx@si.edu', 'r9K78J', 'user'),
(503, 'Shadfourth', 'Bride', 'bshadfourthdy@skyrock.com', 'HxwjBG4r1', 'user'),
(504, 'Adenet', 'Andee', 'aadenetdz@ucla.edu', 'dICgQgZ24k7u', 'user'),
(505, 'Owers', 'Ray', 'rowerse0@uol.com.br', 'GOtkyvSPrSG', 'user'),
(506, 'Glendenning', 'Cati', 'cglendenninge1@wsj.com', '5NEB4ZoBoqNe', 'user'),
(507, 'Vooght', 'Lillis', 'lvooghte2@reddit.com', 'Rr3dhI', 'user'),
(508, 'Downton', 'Alene', 'adowntone3@ucsd.edu', 'ivdb3lcf', 'user'),
(509, 'Pollie', 'Demetre', 'dpolliee4@deliciousdays.com', 'vOV158sAPB', 'user'),
(510, 'Relton', 'Cecil', 'creltone5@hp.com', 'gtKRMz', 'user'),
(511, 'Baldick', 'Ryun', 'rbaldicke6@apache.org', 'TfzObYe', 'user'),
(512, 'Joskowitz', 'Ty', 'tjoskowitze7@opera.com', '6iRLPPlajfq', 'user'),
(513, 'Theaker', 'Trudy', 'ttheakere8@biglobe.ne.jp', '8fSZobVSYv', 'user'),
(514, 'Bachellier', 'Andi', 'abachelliere9@parallels.com', 'tznHDiHfO', 'user'),
(515, 'Gadd', 'Hastie', 'hgaddea@webnode.com', 'ZDhJQbPC26v', 'user'),
(516, 'Bethell', 'Hildy', 'hbethelleb@seesaa.net', 'FiyT4vfCTbrU', 'user'),
(517, 'O\'Doireidh', 'Cindi', 'codoireidhec@answers.com', '2zoCUQWr4D', 'user'),
(518, 'Macklin', 'Fancie', 'fmacklined@japanpost.jp', 'KMziCqMc2t', 'user'),
(519, 'Odams', 'Alys', 'aodamsee@naver.com', 'LXMKTbv7Xit', 'user'),
(520, 'Gervaise', 'Marice', 'mgervaiseef@cnbc.com', 'B1GMiF7eJI', 'user'),
(521, 'Fassam', 'Quinta', 'qfassameg@hexun.com', 'FelBfPy', 'user'),
(522, 'Kolakowski', 'Desiree', 'dkolakowskieh@aboutads.info', '4n11NQ63AjPj', 'user'),
(523, 'Rookeby', 'Lorilee', 'lrookebyei@ibm.com', 'VxsdUBwW', 'user'),
(524, 'Monsey', 'Alexa', 'amonseyej@squarespace.com', 'uMIhPjT6', 'user'),
(525, 'Jannaway', 'Mikol', 'mjannawayek@drupal.org', 'LTZ89dclT', 'user'),
(526, 'McCarrison', 'Reta', 'rmccarrisonel@xinhuanet.com', 'szuyOb', 'user'),
(527, 'Degoey', 'Jenda', 'jdegoeyem@phpbb.com', 'yv5chqZjabe', 'user'),
(528, 'Leveret', 'Penny', 'plevereten@qq.com', 'vVPEyQGzflVx', 'user'),
(529, 'Rushmare', 'Antoine', 'arushmareeo@creativecommons.org', 'UV9M5RATtxB', 'user'),
(530, 'McClounan', 'Allys', 'amcclounanep@army.mil', '4AsB8YOg', 'user'),
(531, 'Mounsie', 'Valerie', 'vmounsieeq@howstuffworks.com', 'LANBhwt4', 'user'),
(532, 'Stolz', 'Inesita', 'istolzer@stumbleupon.com', 'YSs4VTxS3Fh', 'user'),
(533, 'Toxell', 'Denni', 'dtoxelles@addthis.com', 'hD5gVFWBo', 'user'),
(534, 'Pollett', 'Ketty', 'kpollettet@phoca.cz', 'csoJTtDIFkh', 'user'),
(535, 'Brunstan', 'Zelig', 'zbrunstaneu@1und1.de', 'kFtOafacLrrV', 'user'),
(536, 'Couth', 'Adriana', 'acouthev@goo.ne.jp', '27mWaPJ2hf', 'user'),
(537, 'Hugnet', 'Graehme', 'ghugnetew@google.es', 'AqQdrSl8c3O', 'user'),
(538, 'Lathleiff', 'Loni', 'llathleiffex@chicagotribune.com', 'pDOEin', 'user'),
(539, 'Stock', 'Vita', 'vstockey@amazon.co.jp', '64TZaLhX', 'user'),
(540, 'Goodings', 'Ogdon', 'ogoodingsez@usa.gov', '2lPDjom', 'user'),
(541, 'Etherson', 'Langston', 'lethersonf0@tripadvisor.com', 'h3btxRtyfhP', 'user'),
(542, 'Newdick', 'Floyd', 'fnewdickf1@hostgator.com', 'WNVcPC8', 'user'),
(543, 'Bentsen', 'Maia', 'mbentsenf2@paypal.com', '9fG2odIeSM', 'user'),
(544, 'Aynsley', 'Cathrine', 'caynsleyf3@smh.com.au', 'cdd7qm2Nm', 'user'),
(545, 'Louch', 'Hamil', 'hlouchf4@list-manage.com', '1DnnfG', 'user'),
(546, 'Durtnall', 'Archaimbaud', 'adurtnallf5@wikispaces.com', '1Hw2uCXnVdh', 'user'),
(547, 'Tretter', 'Mylo', 'mtretterf6@ihg.com', 'mr4E1BNI', 'user'),
(548, 'Drewet', 'Catherine', 'cdrewetf7@theatlantic.com', '9vNoyEI5PIm', 'user'),
(549, 'Deboick', 'Jessalin', 'jdeboickf8@webnode.com', 'FJBleIXo', 'user'),
(550, 'Bugdell', 'Rubina', 'rbugdellf9@huffingtonpost.com', 'UqCxlRPvhJ', 'user'),
(551, 'Benton', 'Ephraim', 'ebentonfa@sogou.com', 'U2alXbeYiP', 'user'),
(552, 'Partkya', 'Markos', 'mpartkyafb@squidoo.com', '9u11qkt0cg', 'user'),
(553, 'Galle', 'Tabatha', 'tgallefc@ft.com', 'QYSV5xTWb', 'user'),
(554, 'Feander', 'Cindee', 'cfeanderfd@miibeian.gov.cn', 'rWbGFka', 'user'),
(555, 'Megany', 'Jacobo', 'jmeganyfe@zdnet.com', 'NaxCsQD7', 'user'),
(556, 'Blackway', 'Eldon', 'eblackwayff@oakley.com', 'p7oZy0', 'user'),
(557, 'Carnier', 'Curry', 'ccarnierfg@com.com', 'n98vZiN', 'user'),
(558, 'Bohman', 'Pauly', 'pbohmanfh@cdbaby.com', '1hJCr0JvvDR8', 'user'),
(559, 'Gutherson', 'Thalia', 'tguthersonfi@sitemeter.com', 'Yfs0I8', 'user'),
(560, 'Blundell', 'Grier', 'gblundellfj@printfriendly.com', 'jF31bRY', 'user'),
(561, 'Cordner', 'Ilise', 'icordnerfk@biglobe.ne.jp', 'RZAvu6', 'user'),
(562, 'Boustred', 'Uta', 'uboustredfl@cnbc.com', 'rvrtVeBXB', 'user'),
(563, 'Hucke', 'Bert', 'bhuckefm@buzzfeed.com', 'a8PNOq', 'user'),
(564, 'Rudeforth', 'Trudy', 'trudeforthfn@vinaora.com', 'YpGDfHvqQekG', 'user'),
(565, 'Cawkwell', 'Noemi', 'ncawkwellfo@huffingtonpost.com', '9dEuhfDbX', 'user'),
(566, 'Roddell', 'Etty', 'eroddellfp@123-reg.co.uk', 'zEj1jt', 'user'),
(567, 'Riggert', 'Sadella', 'sriggertfq@slate.com', 'IFj6Ozz23aw', 'user'),
(568, 'Savill', 'Theo', 'tsavillfr@newyorker.com', 'XXgp0V4yeEaF', 'user'),
(569, 'Moss', 'Roberto', 'rmossfs@hexun.com', 'yS06M7W6', 'user'),
(570, 'Pleat', 'Aeriell', 'apleatft@mashable.com', 'K6Nolf', 'user'),
(571, 'Venning', 'Raphael', 'rvenningfu@china.com.cn', 'jDDZChOCR69a', 'user'),
(572, 'Gittose', 'Cale', 'cgittosefv@nydailynews.com', 'srnpVFa', 'user'),
(573, 'Galliver', 'Jan', 'jgalliverfw@google.fr', 'CTm3hN', 'user'),
(574, 'Eustes', 'Marty', 'meustesfx@china.com.cn', 'x33WnX0AqPJ3', 'user'),
(575, 'Sarginson', 'Lianne', 'lsarginsonfy@imageshack.us', 'yI37Jrl1qD', 'user'),
(576, 'Knowlman', 'Leah', 'lknowlmanfz@shop-pro.jp', 'mVUangKNBVV', 'user'),
(577, 'Teek', 'Kerrin', 'kteekg0@jigsy.com', '3bBJ03dGnr', 'user'),
(578, 'Claypool', 'Myrvyn', 'mclaypoolg1@wsj.com', 'EpQift', 'user'),
(579, 'Absolom', 'Thorstein', 'tabsolomg2@bluehost.com', '54i2KoVYLp', 'user'),
(580, 'Hattiff', 'Sanderson', 'shattiffg3@rambler.ru', 'rhanDKSgx4c', 'user'),
(581, 'Draayer', 'Brewster', 'bdraayerg4@sfgate.com', 't6Ekg6JPVsb', 'user'),
(582, 'Mableson', 'Gavra', 'gmablesong5@army.mil', 'MaBtG68Lv', 'user'),
(583, 'Croot', 'Gram', 'gcrootg6@howstuffworks.com', 'l8l4xAzf', 'user'),
(584, 'Cregan', 'Reinold', 'rcregang7@ucoz.ru', 't7NCOq64O', 'user'),
(585, 'Ramelet', 'Phip', 'prameletg8@dropbox.com', 'nWDTtZnxQ', 'user'),
(586, 'Olman', 'Curcio', 'colmang9@4shared.com', 'g2nmI7r7I', 'user'),
(587, 'De Bruijne', 'Renae', 'rdebruijnega@icio.us', 'JwBdj33XxY', 'user'),
(588, 'Knutsen', 'Phillipe', 'pknutsengb@de.vu', 'uOIfvxej', 'user'),
(589, 'Breckenridge', 'Ranice', 'rbreckenridgegc@oracle.com', 'opZBwAneeQ', 'user'),
(590, 'Marnane', 'Staci', 'smarnanegd@ustream.tv', 'm6Vpsz', 'user'),
(591, 'Scaysbrook', 'Kassie', 'kscaysbrookge@yahoo.com', 'cz9WCmhhB', 'user'),
(592, 'Mogra', 'Oliviero', 'omogragf@uiuc.edu', 'YZ2Q4arVFgSn', 'user'),
(593, 'Tranckle', 'Vivia', 'vtrancklegg@last.fm', 'ye7Ckf041uA', 'user'),
(594, 'Emons', 'Travis', 'temonsgh@dailymail.co.uk', 'kMrOSECK1', 'user'),
(595, 'Corradi', 'Simonette', 'scorradigi@is.gd', 'pBKJ44', 'user'),
(596, 'Kurton', 'Di', 'dkurtongj@jimdo.com', 'gLCEU2', 'user'),
(597, 'Oakenfull', 'Meta', 'moakenfullgk@guardian.co.uk', 'eaewvVU', 'user'),
(598, 'Mitchel', 'Arabelle', 'amitchelgl@google.co.jp', 'HHGWC8', 'user'),
(599, 'Torre', 'Halie', 'htorregm@elegantthemes.com', 'GEcK3h', 'user'),
(600, 'Briars', 'Elvera', 'ebriarsgn@ibm.com', 'czFvZE3t', 'user'),
(601, 'Simunek', 'Allison', 'asimunekgo@ning.com', 'yWxBMCDH8J', 'user'),
(602, 'Attle', 'Barnett', 'battlegp@home.pl', 'ZL9TUCki', 'user'),
(603, 'Gladwell', 'Wat', 'wgladwellgq@meetup.com', 'zgwYxxKmri7H', 'user'),
(604, 'Sporgeon', 'Auberon', 'asporgeongr@so-net.ne.jp', 'AwVchkC', 'user'),
(605, 'Jedrysik', 'Gavan', 'gjedrysikgs@rambler.ru', '5uth0EOX', 'user'),
(606, 'Shelsher', 'Goraud', 'gshelshergt@163.com', '69nfSSoYjvjj', 'user'),
(607, 'Dionisio', 'Gussie', 'gdionisiogu@hubpages.com', 'wMiS7FkRynYr', 'user'),
(608, 'Stanes', 'Bella', 'bstanesgv@dropbox.com', 'HkGoXozLB', 'user'),
(609, 'Cambell', 'Bondie', 'bcambellgw@jigsy.com', 'eMiknmK', 'user'),
(610, 'Cowling', 'Penn', 'pcowlinggx@kickstarter.com', 'HaOyHA4F43', 'user'),
(611, 'Gowrie', 'Wilow', 'wgowriegy@bloomberg.com', 'Hv8KiWHcJk', 'user'),
(612, 'De Ferrari', 'Janelle', 'jdeferrarigz@list-manage.com', 'Wm33dVtA', 'user'),
(613, 'Dank', 'Alfonso', 'adankh0@google.it', 'dim3BxtNqdgT', 'user'),
(614, 'Bertlin', 'Erskine', 'ebertlinh1@marketwatch.com', 'YUkjsokVoE', 'user'),
(615, 'Ramalho', 'Simone', 'sramalhoh2@cbsnews.com', 'tLSzwW', 'user'),
(616, 'Wrankmore', 'Lucas', 'lwrankmoreh3@seesaa.net', 'e1B2GCltR', 'user'),
(617, 'Streeton', 'Kelley', 'kstreetonh4@stumbleupon.com', '3qC4K4ck', 'user'),
(618, 'Wynne', 'Karl', 'kwynneh5@who.int', 'fI8kuyzaiYqE', 'user'),
(619, 'Ginnell', 'Hakeem', 'hginnellh6@ucsd.edu', 'YetCM1ODe', 'user'),
(620, 'Feavearyear', 'Georgena', 'gfeavearyearh7@eepurl.com', 'fDwJaLBSReFI', 'user'),
(621, 'Velten', 'Dell', 'dveltenh8@elpais.com', 'hj7dgNZDmWqT', 'user'),
(622, 'Illwell', 'Jeana', 'jillwellh9@github.io', '0BjtDUmVwxRz', 'user'),
(623, 'Mulqueeny', 'Cy', 'cmulqueenyha@friendfeed.com', 'GvAAArU', 'user'),
(624, 'Droghan', 'Lindy', 'ldroghanhb@netlog.com', 'mMmUH3mOB', 'user'),
(625, 'Garn', 'Timoteo', 'tgarnhc@dyndns.org', '0UvQGbcXCjaE', 'user'),
(626, 'Crilley', 'Bonnee', 'bcrilleyhd@goodreads.com', 'dENltqqb', 'user'),
(627, 'Schriren', 'Claiborne', 'cschrirenhe@ezinearticles.com', 'gZPvH87Tstbm', 'user'),
(628, 'Loakes', 'Tandie', 'tloakeshf@diigo.com', 'JIcgMw9bXVn', 'user'),
(629, 'Moresby', 'Christiano', 'cmoresbyhg@surveymonkey.com', 'uv0NY0Q', 'user'),
(630, 'Mallock', 'Genni', 'gmallockhh@google.com', 'fScuh6CY6U', 'user'),
(631, 'Spiers', 'Maryjane', 'mspiershi@wp.com', 'VpiTHL7Hpu', 'user'),
(632, 'Dewen', 'Jase', 'jdewenhj@bloglovin.com', 'QkuNdhxmWu', 'user'),
(633, 'Firebrace', 'Valaree', 'vfirebracehk@hubpages.com', 'dchVDac', 'user'),
(634, 'Pargetter', 'Derward', 'dpargetterhl@dmoz.org', 'xPD1qgRo', 'user'),
(635, 'Whitelock', 'Dusty', 'dwhitelockhm@nationalgeographic.com', 'EVkdCqr5B', 'user'),
(636, 'Biner', 'Cindra', 'cbinerhn@oracle.com', '2Y86OJwcQd6', 'user'),
(637, 'Itshak', 'Moore', 'mitshakho@state.tx.us', 'mCe4uJh3Fae', 'user'),
(638, 'Tenpenny', 'Dee', 'dtenpennyhp@redcross.org', '3EZqi9', 'user'),
(639, 'McIlhone', 'Rori', 'rmcilhonehq@4shared.com', 'db85MfLm', 'user'),
(640, 'Drennan', 'Alon', 'adrennanhr@ft.com', 'ptjWRZUFDf', 'user'),
(641, 'Billinge', 'Carmelle', 'cbillingehs@smh.com.au', 'gh5evKPQo0w', 'user'),
(642, 'Kearey', 'Lonny', 'lkeareyht@ucla.edu', 'kK3SV00', 'user'),
(643, 'Spriggs', 'Selene', 'sspriggshu@taobao.com', 'MKNKQxzz9UK', 'user'),
(644, 'Swanton', 'Jeff', 'jswantonhv@nhs.uk', 'b0vTEH1NFiNI', 'user'),
(645, 'Longson', 'Alvy', 'alongsonhw@symantec.com', 'bGwDZQXS', 'user'),
(646, 'Legendre', 'Bar', 'blegendrehx@qq.com', '4vP09A', 'user'),
(647, 'Limon', 'Adelle', 'alimonhy@feedburner.com', 'shSlDn24XsYF', 'user'),
(648, 'Tollett', 'Fred', 'ftolletthz@nationalgeographic.com', 'KX0WHMoTZk', 'user'),
(649, 'Balstone', 'Armando', 'abalstonei0@hatena.ne.jp', 'd8T9rBaZKfW6', 'user'),
(650, 'Cafe', 'Ned', 'ncafei1@unicef.org', '09GX4g7v', 'user'),
(651, 'Trubshawe', 'Mercedes', 'mtrubshawei2@sakura.ne.jp', 'DBagZBhjQ', 'user'),
(652, 'Hrishchenko', 'Gabriella', 'ghrishchenkoi3@deliciousdays.com', 'hz5wezmyLc', 'user'),
(653, 'Leathes', 'Field', 'fleathesi4@scribd.com', 'r8wjKmC3Ur0', 'user'),
(654, 'Reggler', 'Maddie', 'mreggleri5@icq.com', 'Vt24W4gv', 'user'),
(655, 'Gooms', 'Lian', 'lgoomsi6@hibu.com', 'EgtTQifKLYT1', 'user'),
(656, 'Cornhill', 'Stewart', 'scornhilli7@narod.ru', 'JqhMfmTSP3n', 'user'),
(657, 'Bracegirdle', 'Emelen', 'ebracegirdlei8@sakura.ne.jp', 'irlfeOVUi', 'user'),
(658, 'Nardoni', 'Kathleen', 'knardonii9@spotify.com', 'ac2Anq', 'user'),
(659, 'Lasseter', 'Vince', 'vlasseteria@creativecommons.org', 'Qr2t2LGBGDGS', 'user'),
(660, 'Lachaize', 'Ashla', 'alachaizeib@cbc.ca', 'r9diB1O', 'user'),
(661, 'Whorlow', 'Joelynn', 'jwhorlowic@ucoz.ru', 'LEyt8PbBXnkE', 'user'),
(662, 'Branigan', 'Suzy', 'sbraniganid@t.co', 'Edxg8o', 'user'),
(663, 'Jarlmann', 'Jennine', 'jjarlmannie@usatoday.com', 'XLq7LCXtJ', 'user'),
(664, 'Apfelmann', 'Giusto', 'gapfelmannif@naver.com', 'cdBq9sy', 'user'),
(665, 'Foulis', 'Giavani', 'gfoulisig@mail.ru', 'IHksUD', 'user'),
(666, 'Verty', 'Blithe', 'bvertyih@qq.com', 'n35qUQFpETtU', 'user'),
(667, 'Fuzzens', 'Sid', 'sfuzzensii@mashable.com', 'xkLZwu031M', 'user'),
(668, 'Shakle', 'Lars', 'lshakleij@amazon.co.uk', '4ANVxi', 'user'),
(669, 'Swedeland', 'Neila', 'nswedelandik@sohu.com', 'mcbA2d', 'user'),
(670, 'Kenwright', 'Freddie', 'fkenwrightil@sbwire.com', 'MHD1rR', 'user'),
(671, 'Norcliff', 'Antonius', 'anorcliffim@aol.com', 'zDjMof', 'user'),
(672, 'Spikings', 'Sibeal', 'sspikingsin@bloglines.com', '59Ao0ppLT', 'user'),
(673, 'Beausang', 'Faina', 'fbeausangio@hc360.com', 'j2KhK4gN', 'user'),
(674, 'O\'Hear', 'Darlene', 'dohearip@techcrunch.com', 'voM47pUoArl', 'user'),
(675, 'MacMearty', 'Elonore', 'emacmeartyiq@mayoclinic.com', 'Ks7UeixljP', 'user'),
(676, 'Godlonton', 'Mavra', 'mgodlontonir@yahoo.co.jp', '5yQBOHxcp', 'user'),
(677, 'Wulfinger', 'Manolo', 'mwulfingeris@oakley.com', 'NfEWp9VI1', 'user'),
(678, 'Bools', 'Vanny', 'vboolsit@census.gov', 'cpbcNvU', 'user'),
(679, 'Dankov', 'Calla', 'cdankoviu@ed.gov', 'pROagPGXLsmo', 'user'),
(680, 'Calladine', 'Milli', 'mcalladineiv@vimeo.com', '26jTiQ', 'user'),
(681, 'Drissell', 'Conroy', 'cdrisselliw@msn.com', 'lPxQY7uoLNjj', 'user'),
(682, 'Peebles', 'Elane', 'epeeblesix@sphinn.com', 'dlbXAljnRy', 'user'),
(683, 'Ghilardi', 'Byran', 'bghilardiiy@slashdot.org', 'DnouK04iK', 'user'),
(684, 'Twine', 'Jeff', 'jtwineiz@ow.ly', 'ncB1Np0Sh', 'user'),
(685, 'Sibyllina', 'Rustie', 'rsibyllinaj0@washingtonpost.com', 'nYqoMbUtTu', 'user');
INSERT INTO `utilisateur` (`id_utilisateur`, `nom`, `prenom`, `email`, `mdp`, `role`) VALUES
(686, 'Sheere', 'Skip', 'ssheerej1@engadget.com', 'ySUcuVbym6U', 'user'),
(687, 'D\'Alesco', 'Douglas', 'ddalescoj2@google.co.uk', 'D1dxKY01W', 'user'),
(688, 'Hasselby', 'Towny', 'thasselbyj3@jugem.jp', 'zbcLbaPgI', 'user'),
(689, 'Mattioni', 'Nissy', 'nmattionij4@nationalgeographic.com', 'e6zrwGK59M', 'user'),
(690, 'Crighton', 'Freeman', 'fcrightonj5@ifeng.com', 'LklKMdaYH', 'user'),
(691, 'Finkle', 'Paige', 'pfinklej6@rambler.ru', 'e4YnsdZ', 'user'),
(692, 'Starsmeare', 'Kayne', 'kstarsmearej7@joomla.org', 'IOBueC', 'user'),
(693, 'Broseman', 'Lena', 'lbrosemanj8@webmd.com', 'ecAkO07On', 'user'),
(694, 'Oxley', 'Anselm', 'aoxleyj9@cnn.com', 'x6vuCQ2q', 'user'),
(695, 'Brenneke', 'Erwin', 'ebrennekeja@cbsnews.com', 'dt1350Y', 'user'),
(696, 'Blaase', 'Eyde', 'eblaasejb@hp.com', 'PGRbuuk', 'user'),
(697, 'McBryde', 'Piggy', 'pmcbrydejc@discuz.net', 'yuhiSjRE', 'user'),
(698, 'Bernhart', 'Cheryl', 'cbernhartjd@zimbio.com', 'eKWz7SVBnZt', 'user'),
(699, 'Fey', 'Tomlin', 'tfeyje@surveymonkey.com', 'ttsIWj', 'user'),
(700, 'Presley', 'Clea', 'cpresleyjf@sfgate.com', 'su7FQIP11', 'user'),
(701, 'Canny', 'Luisa', 'lcannyjg@ifeng.com', 'VABvKDYI250', 'user'),
(702, 'Newby', 'Durand', 'dnewbyjh@pen.io', 'IquavMsEu', 'user'),
(703, 'Sailes', 'Othella', 'osailesji@census.gov', 'd1YK8peIzii', 'user'),
(704, 'Sarfat', 'Kathrine', 'ksarfatjj@oaic.gov.au', '7HleUY1', 'user'),
(705, 'Brandon', 'Genevieve', 'gbrandonjk@guardian.co.uk', 'xfquExsmk', 'user'),
(706, 'Bisco', 'Silvanus', 'sbiscojl@bbc.co.uk', 'FbZ07u', 'user'),
(707, 'Ghiotto', 'Armand', 'aghiottojm@wordpress.org', 'BG8eqUsB1H', 'user'),
(708, 'Castellani', 'Harland', 'hcastellanijn@army.mil', 'DamrdSIor3e2', 'user'),
(709, 'Saintsbury', 'Gladi', 'gsaintsburyjo@arizona.edu', '21zPEe', 'user'),
(710, 'Teasell', 'Colene', 'cteaselljp@jimdo.com', 'rNU7T04ydR2z', 'user'),
(711, 'Bicksteth', 'Lynsey', 'lbickstethjq@amazon.com', 'h0T3HUyGtP', 'user'),
(712, 'Zamorrano', 'Bethany', 'bzamorranojr@indiegogo.com', 'PANwRbZznK', 'user'),
(713, 'Daniely', 'Robina', 'rdanielyjs@gmpg.org', 'QPEjbrFiSB25', 'user'),
(714, 'Saxelby', 'Corrianne', 'csaxelbyjt@blogtalkradio.com', 'oUEUNfAXLSs', 'user'),
(715, 'Attenborough', 'Muhammad', 'mattenboroughju@mtv.com', 'q2IMOy5GNF', 'user'),
(716, 'Axby', 'Sonny', 'saxbyjv@gmpg.org', 'TZF66gQLFC', 'user'),
(717, 'Hazlegrove', 'Genvieve', 'ghazlegrovejw@nymag.com', 'RmOEgSJu', 'user'),
(718, 'Peddel', 'Blayne', 'bpeddeljx@taobao.com', 'nU2UTF', 'user'),
(719, 'Keems', 'Davis', 'dkeemsjy@nifty.com', 'rkBljFO2D', 'user'),
(720, 'Sneath', 'Jonis', 'jsneathjz@merriam-webster.com', 'SxJpe4usbhov', 'user'),
(721, 'Pressman', 'Francis', 'fpressmank0@archive.org', 'AzsgkNHSkz0', 'user'),
(722, 'Vila', 'Creighton', 'cvilak1@blogs.com', 't29gIXF', 'user'),
(723, 'Boswood', 'Amelina', 'aboswoodk2@eepurl.com', 'SRpYcQ4k', 'user'),
(724, 'Menaul', 'Melamie', 'mmenaulk3@techcrunch.com', '2gQPPRr', 'user'),
(725, 'Threlfall', 'Clovis', 'cthrelfallk4@columbia.edu', 'xrHMNC', 'user'),
(726, 'Eplett', 'Ximenez', 'xeplettk5@virginia.edu', 'p8RLcmP7hp', 'user'),
(727, 'Lapree', 'Morgana', 'mlapreek6@guardian.co.uk', 'ue5dGMGLgX', 'user'),
(728, 'Ghidoni', 'Gail', 'gghidonik7@amazon.co.uk', '4UqeKN', 'user'),
(729, 'Bartaloni', 'Fionna', 'fbartalonik8@smugmug.com', 'PVbMC0', 'user'),
(730, 'Rosbotham', 'Alvin', 'arosbothamk9@plala.or.jp', 'yIwNY6LQXc', 'user'),
(731, 'Betts', 'Kathye', 'kbettska@cam.ac.uk', '5JJ9VSr', 'user'),
(732, 'Linskill', 'Mady', 'mlinskillkb@dailymotion.com', '0eO5n73ytw4W', 'user'),
(733, 'Drage', 'Kendall', 'kdragekc@nature.com', 'VKq8iPx', 'user'),
(734, 'Angell', 'Tamara', 'tangellkd@live.com', 'Ezqn50vr7naT', 'user'),
(735, 'Ewbach', 'Christi', 'cewbachke@fotki.com', 'k74vFJ', 'user'),
(736, 'Warwicker', 'Karlee', 'kwarwickerkf@webeden.co.uk', 'zVBPB1sX8', 'user'),
(737, 'Swett', 'Lamont', 'lswettkg@hubpages.com', 'nCaYqlq8mNC', 'user'),
(738, 'Bakhrushkin', 'Dulcia', 'dbakhrushkinkh@aol.com', 'zq8OJxG7', 'user'),
(739, 'Foskew', 'Raeann', 'rfoskewki@ycombinator.com', 'oCFoxos', 'user'),
(740, 'Hugett', 'Alane', 'ahugettkj@delicious.com', 'RRNSOIk1e', 'user'),
(741, 'Hewertson', 'Marnia', 'mhewertsonkk@cargocollective.com', 'PBGxTUZeqSdV', 'user'),
(742, 'Poore', 'Jackquelin', 'jpoorekl@loc.gov', 'CUebTRfq', 'user'),
(743, 'Bethel', 'Rhianon', 'rbethelkm@hostgator.com', 'lDXHy7xb35ek', 'user'),
(744, 'Hymers', 'Reena', 'rhymerskn@ft.com', 'fWAYcsw93q7', 'user'),
(745, 'Addekin', 'Graeme', 'gaddekinko@mozilla.org', 'YZLdP6KVk', 'user'),
(746, 'Kovelmann', 'Pren', 'pkovelmannkp@smugmug.com', 'DAV04UTmf', 'user'),
(747, 'Brambill', 'Lilah', 'lbrambillkq@abc.net.au', 'Hurq8HlJofaj', 'user'),
(748, 'Rosendorf', 'Almeria', 'arosendorfkr@utexas.edu', 'hYxdNJI1', 'user'),
(749, 'Oles', 'Sigismond', 'solesks@sourceforge.net', 'lRfdyaZKH2', 'user'),
(750, 'Winyard', 'Leontine', 'lwinyardkt@photobucket.com', 'Oz81Yw4v', 'user'),
(751, 'Ruecastle', 'Christen', 'cruecastleku@ameblo.jp', '75BxHm1mNnl', 'user'),
(752, 'Male', 'Yvon', 'ymalekv@stanford.edu', '7lSbtE', 'user'),
(753, 'Helbeck', 'Truman', 'thelbeckkw@acquirethisname.com', '3Oq9bl7wfO', 'user'),
(754, 'Harraway', 'Jesselyn', 'jharrawaykx@zimbio.com', 'PfK61kl', 'user'),
(755, 'Boarleyson', 'Gert', 'gboarleysonky@wp.com', 'PKvSnjYw9mxW', 'user'),
(756, 'Legg', 'Frasco', 'fleggkz@amazon.co.jp', 'UzTlBfiGrN', 'user'),
(757, 'Leadston', 'Ulysses', 'uleadstonl0@etsy.com', 'JLycDrn', 'user'),
(758, 'Dwyr', 'Jesus', 'jdwyrl1@ehow.com', 'hcCnc8K', 'user'),
(759, 'Mibourne', 'Myrtie', 'mmibournel2@yahoo.com', 'lQAqZDbrghA', 'user'),
(760, 'Chillistone', 'Aloysius', 'achillistonel3@amazon.co.jp', 'o0BPUR', 'user'),
(761, 'Gerald', 'Katha', 'kgeraldl4@wix.com', 'Lc7T8RO', 'user'),
(762, 'Bridge', 'Alon', 'abridgel5@seesaa.net', 'Dmsv7N', 'user'),
(763, 'Sidebotham', 'Martin', 'msidebothaml6@i2i.jp', 'M83EbsyllW6', 'user'),
(764, 'Cases', 'Cairistiona', 'ccasesl7@vinaora.com', 'AzRf6PJpNb', 'user'),
(765, 'Dunning', 'Andrew', 'adunningl8@trellian.com', 'CaMQtWMEla', 'user'),
(766, 'Werrilow', 'Donavon', 'dwerrilowl9@drupal.org', 'Cp1fQAKm3r', 'user'),
(767, 'Goldspink', 'Demetri', 'dgoldspinkla@latimes.com', 'QswZglcp', 'user'),
(768, 'Hayzer', 'Aurea', 'ahayzerlb@list-manage.com', 'eHLjNDKVG5y', 'user'),
(769, 'D\'Alesio', 'Denis', 'ddalesiolc@bloomberg.com', 'BdTLHYuGmM', 'user'),
(770, 'Austwick', 'Violette', 'vaustwickld@umn.edu', 'FLflF60388b2', 'user'),
(771, 'Louca', 'Jacinthe', 'jloucale@rediff.com', '26Kw3lC7h', 'user'),
(772, 'Behrend', 'Jenn', 'jbehrendlf@tripod.com', '8e56w1h1zvFR', 'user'),
(773, 'MacCome', 'Adair', 'amaccomelg@amazon.com', 'oEMutLTU', 'user'),
(774, 'Lessmare', 'Ann', 'alessmarelh@nymag.com', '5PVIEZ', 'user'),
(775, 'Lysons', 'Gaby', 'glysonsli@reference.com', 'v60Hv1YZnq', 'user'),
(776, 'Chrismas', 'Quinlan', 'qchrismaslj@ucoz.ru', 'GkublhXsnx3P', 'user'),
(777, 'Freeland', 'Dex', 'dfreelandlk@phpbb.com', 'UpHqBm', 'user'),
(778, 'Ebi', 'Raquel', 'rebill@w3.org', 'Wmqe4hqadH', 'user'),
(779, 'Fazan', 'Roy', 'rfazanlm@bloglovin.com', 'oEOCtBFbzpgB', 'user'),
(780, 'Alebrooke', 'Charmane', 'calebrookeln@woothemes.com', '7chnTUsKMN', 'user'),
(781, 'Pero', 'Edita', 'eperolo@shinystat.com', 'D2q1TcA', 'user'),
(782, 'Andreazzi', 'Rafaelita', 'randreazzilp@indiatimes.com', 'KKjqbiqHiL', 'user'),
(783, 'Bedbury', 'Teodor', 'tbedburylq@imgur.com', 'fbTIC5Cq', 'user'),
(784, 'France', 'Lyle', 'lfrancelr@privacy.gov.au', 'FnF5Y2XLV', 'user'),
(785, 'Sivil', 'Zolly', 'zsivills@jalbum.net', 'wWz3bYq', 'user'),
(786, 'Bangle', 'Gertrud', 'gbanglelt@themeforest.net', 'Vwi9IsobLT0', 'user'),
(787, 'Sloegrave', 'Udall', 'usloegravelu@samsung.com', 'A573SBEMOdY', 'user'),
(788, 'Ramelet', 'Axel', 'arameletlv@go.com', 'VswyJW', 'user'),
(789, 'Payze', 'Merwin', 'mpayzelw@pagesperso-orange.fr', 'AGt4LaD', 'user'),
(790, 'Tomley', 'Jakie', 'jtomleylx@forbes.com', 'KIDBhgNGtk', 'user'),
(791, 'Bog', 'Cecil', 'cbogly@chicagotribune.com', 'vC03iQ', 'user'),
(792, 'Dufton', 'Jeffry', 'jduftonlz@mashable.com', 'vOWX8X', 'user'),
(793, 'Roddie', 'Ebonee', 'eroddiem0@howstuffworks.com', 'G0zh8G6UV0', 'user'),
(794, 'Luckwell', 'Ellynn', 'eluckwellm1@pagesperso-orange.fr', 'isCkKKp3RV', 'user'),
(795, 'Brackenbury', 'Fania', 'fbrackenburym2@sina.com.cn', 'CUYeMx2u', 'user'),
(796, 'Tidman', 'Madelle', 'mtidmanm3@uiuc.edu', 'lbz7mMOimWK', 'user'),
(797, 'Gillitt', 'Adriana', 'agillittm4@wikispaces.com', 'v1Jyb3pDslyv', 'user'),
(798, 'Longworth', 'Martelle', 'mlongworthm5@smugmug.com', 'wMp64clvbgb', 'user'),
(799, 'Ritson', 'Gardner', 'gritsonm6@wikimedia.org', 'goCPZQ', 'user'),
(800, 'Awcock', 'Yorke', 'yawcockm7@1688.com', '9UzTgn', 'user'),
(801, 'Batte', 'Pauline', 'pbattem8@whitehouse.gov', 'aENAmEIg', 'user'),
(802, 'Lennard', 'Free', 'flennardm9@360.cn', 'bqHqjyEU', 'user'),
(803, 'Tolomio', 'Becca', 'btolomioma@senate.gov', 'XowtN8RC3', 'user'),
(804, 'Lapwood', 'Fayth', 'flapwoodmb@ed.gov', 'mls8BB10Ntrd', 'user'),
(805, 'Vallintine', 'Marieann', 'mvallintinemc@purevolume.com', 'Gyg0MIO', 'user'),
(806, 'Martello', 'Samantha', 'smartellomd@multiply.com', 'Y53EdP2W', 'user'),
(807, 'Gudyer', 'Raf', 'rgudyerme@sciencedaily.com', '9rtM4uj4', 'user'),
(808, 'Clampe', 'Taddeo', 'tclampemf@jigsy.com', '75FXN5Gk', 'user'),
(809, 'Wixey', 'Tito', 'twixeymg@go.com', 'bR59Vq9', 'user'),
(810, 'Brewster', 'Vivian', 'vbrewstermh@plala.or.jp', 'E1jNgtoIp', 'user'),
(811, 'Leasor', 'Gregoor', 'gleasormi@purevolume.com', '9hmonutIpc', 'user'),
(812, 'Ralton', 'Nanni', 'nraltonmj@nymag.com', 'daSUbTzQyY', 'user'),
(813, 'Marchiso', 'Jenn', 'jmarchisomk@over-blog.com', 'lOtrMLH', 'user'),
(814, 'Shadrach', 'Tiffy', 'tshadrachml@seattletimes.com', 'e83nOe53kc6', 'user'),
(815, 'Lammie', 'Zita', 'zlammiemm@skype.com', 'ijokB33H', 'user'),
(816, 'Jumonet', 'Jacinda', 'jjumonetmn@comsenz.com', 'sP2Y0rIbQ', 'user'),
(817, 'Binge', 'Elfreda', 'ebingemo@foxnews.com', '4nktys7fJ1', 'user'),
(818, 'Courtes', 'Axe', 'acourtesmp@indiegogo.com', 'J8bgl8rMz', 'user'),
(819, 'Lydon', 'Abbe', 'alydonmq@sciencedirect.com', 'B4cZCQorRKAv', 'user'),
(820, 'Archley', 'Madelina', 'marchleymr@usatoday.com', 'W0wAlNZFlqdk', 'user'),
(821, 'Darth', 'Barnabe', 'bdarthms@icio.us', 'SYz2ciIyK', 'user'),
(822, 'Brelsford', 'Wendel', 'wbrelsfordmt@wp.com', 'eqI7Dpnfw', 'user'),
(823, 'Sainte Paul', 'Aurora', 'asaintepaulmu@webeden.co.uk', 'mrZeONe', 'user'),
(824, 'Espy', 'Hewitt', 'hespymv@amazon.de', 'nBDIbr4zp', 'user'),
(825, 'Mackness', 'Phyllis', 'pmacknessmw@gizmodo.com', 'IMP3R9g', 'user'),
(826, 'Bastick', 'Allianora', 'abastickmx@friendfeed.com', 'csR8GQ', 'user'),
(827, 'McGiffie', 'Doug', 'dmcgiffiemy@weibo.com', 'PatYrXM7vstw', 'user'),
(828, 'Tiplady', 'Shirleen', 'stipladymz@soup.io', 'Sul1qQMKl', 'user'),
(829, 'Jacquet', 'Malissa', 'mjacquetn0@yahoo.com', 'al4QyuH3l', 'user'),
(830, 'Andreutti', 'Karita', 'kandreuttin1@odnoklassniki.ru', 'ZltXsh', 'user'),
(831, 'Kubicki', 'Celinda', 'ckubickin2@hatena.ne.jp', 'mnaMXgvNbi', 'user'),
(832, 'Dallan', 'Kaspar', 'kdallann3@telegraph.co.uk', 'KAfRn0pP8SGv', 'user'),
(833, 'Roycroft', 'Adore', 'aroycroftn4@archive.org', 'PzqvjQe4Do', 'user'),
(834, 'Judgkins', 'Gaye', 'gjudgkinsn5@ca.gov', 'xggk1JbPiJ', 'user'),
(835, 'Geering', 'Nero', 'ngeeringn6@bandcamp.com', 'nainqq', 'user'),
(836, 'Fieldhouse', 'Patton', 'pfieldhousen7@cpanel.net', 'OJvkEUXwnt4A', 'user'),
(837, 'Catonne', 'Beaufort', 'bcatonnen8@mail.ru', 'faa9O7zo8Bzx', 'user'),
(838, 'Sharland', 'Legra', 'lsharlandn9@addtoany.com', 'WqWhACVnLY', 'user'),
(839, 'Mauchline', 'Brock', 'bmauchlinena@elegantthemes.com', 'GG2pcS3Tbd', 'user'),
(840, 'Bowkett', 'Griffin', 'gbowkettnb@sbwire.com', 'Xu5tcW9S', 'user'),
(841, 'Milton', 'Ali', 'amiltonnc@360.cn', 'NLn5pFHoLrxE', 'user'),
(842, 'Luckwell', 'Rochester', 'rluckwellnd@privacy.gov.au', 'oULfMFlPq3', 'user'),
(843, 'Pasmore', 'Aurthur', 'apasmorene@ucoz.com', '54tsEbO4evB', 'user'),
(844, 'Elsey', 'Dawna', 'delseynf@hatena.ne.jp', '6uHW1IX', 'user'),
(845, 'Truckett', 'Henka', 'htruckettng@123-reg.co.uk', 'KQ8lPsMGM', 'user'),
(846, 'Cruise', 'Clemmie', 'ccruisenh@seattletimes.com', 'cMylmR7', 'user'),
(847, 'Janecek', 'Harlene', 'hjanecekni@cnn.com', 'gkFehWe', 'user'),
(848, 'Gabbott', 'Vittorio', 'vgabbottnj@reverbnation.com', 'P91pHjiBMGtT', 'user'),
(849, 'Daniels', 'Camey', 'cdanielsnk@artisteer.com', '8n180iobk', 'user'),
(850, 'Schreurs', 'Kipper', 'kschreursnl@dion.ne.jp', 'gVYPRR4eV1nN', 'user'),
(851, 'Amorine', 'Brady', 'bamorinenm@hc360.com', 'kSJ1oLPNY9', 'user'),
(852, 'Randalston', 'Keslie', 'krandalstonnn@hexun.com', 'L7i4ZTBAA', 'user'),
(853, 'Dinis', 'Leonhard', 'ldinisno@cloudflare.com', 'f5JPaxlhp', 'user'),
(854, 'Lyven', 'Lorin', 'llyvennp@wiley.com', 'uX9sib9', 'user'),
(855, 'MacNamee', 'Doroteya', 'dmacnameenq@accuweather.com', 'mH4zGq0', 'user'),
(856, 'Swendell', 'Muhammad', 'mswendellnr@bbb.org', 'qj6dmiK', 'user'),
(857, 'Monro', 'Gabrielle', 'gmonrons@sakura.ne.jp', 'UpQUywsKI', 'user'),
(858, 'Sanpere', 'Sherm', 'ssanperent@amazonaws.com', '9I9NKPFC1dH', 'user'),
(859, 'Killby', 'Hannie', 'hkillbynu@livejournal.com', 'AYsaC4ObnH', 'user'),
(860, 'Mazzey', 'Emmalyn', 'emazzeynv@list-manage.com', 'ctpMB7Pbr2as', 'user'),
(861, 'Creeghan', 'Christiana', 'ccreeghannw@squidoo.com', 'H0GgO6fjmdz', 'user'),
(862, 'Kassman', 'Lonnie', 'lkassmannx@yolasite.com', 'MKFGA96A', 'user'),
(863, 'Ivushkin', 'Minnaminnie', 'mivushkinny@dot.gov', '9LIQds4zrw3Z', 'user'),
(864, 'McGowing', 'Daphne', 'dmcgowingnz@yale.edu', 'lxsOUkXjSIVb', 'user'),
(865, 'Mullin', 'Shalom', 'smullino0@opensource.org', 'hRtexqJX4', 'user'),
(866, 'Swales', 'Korie', 'kswaleso1@tamu.edu', '2WYSxSCZiVfK', 'user'),
(867, 'Bauldrey', 'Brien', 'bbauldreyo2@theatlantic.com', 'j6KuiW5YLmA', 'user'),
(868, 'Grimsditch', 'Lolly', 'lgrimsditcho3@sun.com', 'XT1m26DS0', 'user'),
(869, 'Root', 'Wald', 'wrooto4@gov.uk', 'Y4EcQpq0w', 'user'),
(870, 'Satterthwaite', 'Brynn', 'bsatterthwaiteo5@purevolume.com', 'JkGzTOcxLakZ', 'user'),
(871, 'Titcombe', 'Durante', 'dtitcombeo6@wix.com', 'sxF5YDU3c', 'user'),
(872, 'Ferebee', 'Freddi', 'fferebeeo7@livejournal.com', 'n6hycw9Z', 'user'),
(873, 'Scotchmur', 'Gwenette', 'gscotchmuro8@hubpages.com', 'yL4wqQh', 'user'),
(874, 'Cutteridge', 'Georgeanne', 'gcutteridgeo9@patch.com', 'xrb7raF', 'user'),
(875, 'Chaldecott', 'Jonah', 'jchaldecottoa@tinypic.com', 'aPK9MFkVWOJ', 'user'),
(876, 'Stroulger', 'Christie', 'cstroulgerob@behance.net', '2FUI5hmIbN', 'user'),
(877, 'Labram', 'Car', 'clabramoc@yellowpages.com', 'cvNOG0pjEXYH', 'user'),
(878, 'Lamping', 'Gram', 'glampingod@paypal.com', 'AFNkzcdjd5C', 'user'),
(879, 'Gossage', 'Hank', 'hgossageoe@aol.com', 'MKR3Rh6K', 'user'),
(880, 'Pallent', 'Vonni', 'vpallentof@geocities.jp', 'ZUMnuAepk', 'user'),
(881, 'Collihole', 'Lisbeth', 'lcolliholeog@tmall.com', 'Zg6b62kI', 'user'),
(882, 'Bugge', 'Fancy', 'fbuggeoh@xrea.com', 't9Ptk8T', 'user'),
(883, 'Teissier', 'Helenka', 'hteissieroi@mtv.com', '6aaUcmCOhOE7', 'user'),
(884, 'Sedgeman', 'Lotta', 'lsedgemanoj@artisteer.com', 'OX07p7sDK', 'user'),
(885, 'Gecke', 'Danya', 'dgeckeok@usda.gov', 'F4VNC87', 'user'),
(886, 'Rings', 'Cherida', 'cringsol@nytimes.com', 'Q8LDFy8H78RT', 'user'),
(887, 'Leindecker', 'Gaby', 'gleindeckerom@cbslocal.com', 'WloVcK', 'user'),
(888, 'Radborn', 'Robinet', 'rradbornon@myspace.com', 'PHklBS', 'user'),
(889, 'Dolbey', 'Regan', 'rdolbeyoo@tmall.com', '7POt2JoDRFc', 'user'),
(890, 'Hartfleet', 'Dollie', 'dhartfleetop@flavors.me', 'irJu6uhyuG1', 'user'),
(891, 'Fulstow', 'Marjory', 'mfulstowoq@rakuten.co.jp', 'Dbv6UWjUZs', 'user'),
(892, 'Membry', 'Lauralee', 'lmembryor@slashdot.org', 'vlUso8iQ', 'user'),
(893, 'Petruska', 'Blinnie', 'bpetruskaos@slate.com', 'YTgfOf505gf7', 'user'),
(894, 'Winsiowiecki', 'Kaye', 'kwinsiowieckiot@microsoft.com', 'urafeP20', 'user'),
(895, 'Pinnell', 'Mab', 'mpinnellou@tripadvisor.com', 'sbrAwzKZfe', 'user'),
(896, 'Glowach', 'Sherwynd', 'sglowachov@dyndns.org', 'STKTkHHSNw', 'user'),
(897, 'Bootman', 'Jeannie', 'jbootmanow@naver.com', 'vDmlFWe', 'user'),
(898, 'Le Barre', 'Nertie', 'nlebarreox@biglobe.ne.jp', 'Jpgxf2N', 'user'),
(899, 'Robertacci', 'Theresita', 'trobertaccioy@nature.com', 'rPue367C6C', 'user'),
(900, 'McGucken', 'Daffi', 'dmcguckenoz@jalbum.net', 'c5qXpD', 'user'),
(901, 'Karadzas', 'Marcelle', 'mkaradzasp0@shinystat.com', 'wwbIie', 'user'),
(902, 'Shilton', 'Meyer', 'mshiltonp1@liveinternet.ru', 'tfK48lXuXj', 'user'),
(903, 'Milne', 'Danit', 'dmilnep2@apache.org', '3mnZVe8JP', 'user'),
(904, 'Whapple', 'Forrest', 'fwhapplep3@home.pl', 'shEekpwt7', 'user'),
(905, 'Mussilli', 'Louisa', 'lmussillip4@friendfeed.com', 'BVr2Cg1Va', 'user'),
(906, 'Davidsson', 'Simona', 'sdavidssonp5@samsung.com', '1wZZX9YW', 'user'),
(907, 'Barrus', 'Katerine', 'kbarrusp6@accuweather.com', 'eeYjd3I', 'user'),
(908, 'Elderkin', 'Nicolais', 'nelderkinp7@blogtalkradio.com', 'TeuUzmLoBfQf', 'user'),
(909, 'Dreier', 'Minna', 'mdreierp8@issuu.com', 'THQWw7wm6Kl', 'user'),
(910, 'Fillery', 'Stefa', 'sfilleryp9@netscape.com', 'tHQt0KC', 'user'),
(911, 'Tivers', 'Brigid', 'btiverspa@nyu.edu', 'diKH0qLnp0GD', 'user'),
(912, 'Chappel', 'Brigid', 'bchappelpb@mtv.com', 'TU5NCuYX', 'user'),
(913, 'Mechi', 'Phylis', 'pmechipc@tmall.com', 'S7b5DaBNFDLb', 'user'),
(914, 'Crack', 'Tonie', 'tcrackpd@wikia.com', 'RiuHAfoy', 'user'),
(915, 'Mannagh', 'Cindi', 'cmannaghpe@earthlink.net', 'W1HLgktjjvZ', 'user'),
(916, 'Arpur', 'Feodor', 'farpurpf@elegantthemes.com', '03E4hzX', 'user'),
(917, 'Welfair', 'Kacey', 'kwelfairpg@wordpress.org', 'xDe6ww8Ep33', 'user'),
(918, 'Frango', 'Shell', 'sfrangoph@csmonitor.com', 'OFjYUSf', 'user'),
(919, 'Van der Spohr', 'Liva', 'lvanderspohrpi@mysql.com', 'UrouBKy3g3', 'user'),
(920, 'Oxlee', 'Crissie', 'coxleepj@cloudflare.com', '96hZHQH', 'user'),
(921, 'Catt', 'Jenny', 'jcattpk@techcrunch.com', 'P6pNd2lcH8', 'user'),
(922, 'Royal', 'Nicolais', 'nroyalpl@4shared.com', 'R13LOxz', 'user'),
(923, 'Ough', 'Babara', 'boughpm@apple.com', 'lf0T9dKpXBPh', 'user'),
(924, 'Wildber', 'Rafaela', 'rwildberpn@ca.gov', 'SGS5VTl8', 'user'),
(925, 'Clarae', 'Pascal', 'pclaraepo@telegraph.co.uk', 'Jr9FqA87d', 'user'),
(926, 'Medina', 'Lawrence', 'lmedinapp@wordpress.com', 'pfafL3irOB', 'user'),
(927, 'Noone', 'Carmella', 'cnoonepq@merriam-webster.com', 'jcYHBV', 'user'),
(928, 'Kloisner', 'Nicky', 'nkloisnerpr@shutterfly.com', 'Tfr0Cob59r', 'user'),
(929, 'Edwardes', 'Tommie', 'tedwardesps@linkedin.com', '38w3XyhqU', 'user'),
(930, 'Irons', 'Betteanne', 'bironspt@berkeley.edu', 'TTYOoJsvyc', 'user'),
(931, 'Grafton-Herbert', 'Anallise', 'agraftonherbertpu@google.com', 'qztrvzI', 'user'),
(932, 'Pocknoll', 'Suzanne', 'spocknollpv@shop-pro.jp', 'b0ZkY8wdkC', 'user'),
(933, 'Footitt', 'Kathie', 'kfootittpw@ebay.com', 'ItYPoN7C', 'user'),
(934, 'Marielle', 'Stephen', 'smariellepx@constantcontact.com', 'VsNXkZd', 'user'),
(935, 'Readings', 'Arluene', 'areadingspy@bloglines.com', 'HsY65Ipm', 'user'),
(936, 'Haydon', 'Robina', 'rhaydonpz@answers.com', '97mam6', 'user'),
(937, 'MacElholm', 'Perla', 'pmacelholmq0@ucsd.edu', 'JEAtU3JS', 'user'),
(938, 'Iacobetto', 'Ralf', 'riacobettoq1@bizjournals.com', 'tHROx72kw', 'user'),
(939, 'Santus', 'Svend', 'ssantusq2@wsj.com', 'Q6tVzaXujVAv', 'user'),
(940, 'Bowdidge', 'Brietta', 'bbowdidgeq3@ycombinator.com', 'g1ibzxubj', 'user'),
(941, 'Bather', 'Douglas', 'dbatherq4@prlog.org', '6TcnEMYlty8', 'user'),
(942, 'Bilsland', 'Hailey', 'hbilslandq5@lycos.com', 'LLRSnl', 'user'),
(943, 'Latek', 'Gale', 'glatekq6@ask.com', 'mrfQ0p', 'user'),
(944, 'Twine', 'Hal', 'htwineq7@over-blog.com', 'f3vYQY', 'user'),
(945, 'Shipway', 'Robbie', 'rshipwayq8@skype.com', '6geZ1fLM0TJm', 'user'),
(946, 'Edison', 'Ali', 'aedisonq9@topsy.com', 'drwX1JTaO', 'user'),
(947, 'Sharrem', 'Padget', 'psharremqa@webeden.co.uk', 'GgBUVwo', 'user'),
(948, 'Broddle', 'Stephani', 'sbroddleqb@1688.com', 'S6502tE', 'user'),
(949, 'Doutch', 'Beryl', 'bdoutchqc@people.com.cn', 'dQOgsU417', 'user'),
(950, 'Bilbrey', 'Edithe', 'ebilbreyqd@icq.com', 'oTie4IT0v', 'user'),
(951, 'Farnell', 'Barrett', 'bfarnellqe@europa.eu', 'OmAcWfbF0Jm5', 'user'),
(952, 'Martinot', 'Maxie', 'mmartinotqf@nps.gov', 'rF6Lb7nwKj0B', 'user'),
(953, 'Franzelini', 'Hermia', 'hfranzeliniqg@wired.com', 'Sy4ghWWIZAz', 'user'),
(954, 'Downgate', 'Udall', 'udowngateqh@tripadvisor.com', 'X9QoJaxAW7A6', 'user'),
(955, 'Styan', 'Byron', 'bstyanqi@nymag.com', 'pNnnabNbz', 'user'),
(956, 'Boyse', 'Thatch', 'tboyseqj@berkeley.edu', 'PBXWH0', 'user'),
(957, 'Coopper', 'Cosimo', 'ccoopperqk@myspace.com', 'Ehf2p3', 'user'),
(958, 'Jackett', 'Dorie', 'djackettql@xing.com', 'uNNpjIPM', 'user'),
(959, 'Thumim', 'Shannon', 'sthumimqm@ocn.ne.jp', '0LHM3c', 'user'),
(960, 'Stickler', 'Gerardo', 'gsticklerqn@weather.com', '8hw3RZ73v', 'user'),
(961, 'Walesa', 'Nevsa', 'nwalesaqo@infoseek.co.jp', 'jMZ5a3Oa', 'user'),
(962, 'Jellybrand', 'Jud', 'jjellybrandqp@people.com.cn', 'DGEYkNZ9w', 'user'),
(963, 'Huckerbe', 'Mano', 'mhuckerbeqq@xinhuanet.com', 'i2kRdq8VLr1', 'user'),
(964, 'Eyden', 'Mick', 'meydenqr@wikispaces.com', '38dmkNt', 'user'),
(965, 'Di Maggio', 'Jeno', 'jdimaggioqs@cnn.com', 'x3mbUML', 'user'),
(966, 'Pedro', 'Wileen', 'wpedroqt@example.com', 'YzZUX71oJPg5', 'user'),
(967, 'Matthieson', 'Dolorita', 'dmatthiesonqu@exblog.jp', 'zpOe02pUjx5K', 'user'),
(968, 'Clacson', 'Gwenore', 'gclacsonqv@china.com.cn', '21h96efwivc', 'user'),
(969, 'Cayton', 'Annaliese', 'acaytonqw@spotify.com', 'nImOMkL04Oft', 'user'),
(970, 'McSporrin', 'Dan', 'dmcsporrinqx@infoseek.co.jp', 'GpDKjfWJK', 'user'),
(971, 'Hendrickx', 'Evanne', 'ehendrickxqy@psu.edu', '3KHNC8VOtU1H', 'user'),
(972, 'Preece', 'Ruthi', 'rpreeceqz@accuweather.com', 'fFJ1UecCX', 'user'),
(973, 'Callington', 'Herculie', 'hcallingtonr0@google.com.br', '7slmyg', 'user'),
(974, 'Nassau', 'Mortie', 'mnassaur1@linkedin.com', 'TJeXjkMx5', 'user'),
(975, 'Gogie', 'Dionisio', 'dgogier2@shinystat.com', 'jXOfLpW', 'user'),
(976, 'Winpenny', 'Ranique', 'rwinpennyr3@google.cn', 'tuNsLAB7XL', 'user'),
(977, 'Atlee', 'Timi', 'tatleer4@aol.com', 'fAydvvyVB', 'user'),
(978, 'McCullock', 'Jozef', 'jmccullockr5@google.nl', 'en6oLsfY5', 'user'),
(979, 'Letrange', 'Baudoin', 'bletranger6@mapy.cz', 'dS9YGk', 'user'),
(980, 'Ellwood', 'Forester', 'fellwoodr7@amazon.de', 'hpC1cEALC9FB', 'user'),
(981, 'Dovermann', 'Yvonne', 'ydovermannr8@hugedomains.com', 'WqGWkMY', 'user'),
(982, 'Proger', 'Leroi', 'lprogerr9@photobucket.com', 'wOtN41pemb8', 'user'),
(983, 'Brownlie', 'Adam', 'abrownliera@networksolutions.com', 'bCbAd9Ac3', 'user'),
(984, 'Flippelli', 'Aristotle', 'aflippellirb@taobao.com', 'cKgaql', 'user'),
(985, 'Sagrott', 'Florella', 'fsagrottrc@oracle.com', 'RrN1v9t', 'user'),
(986, 'Christou', 'Brnaby', 'bchristourd@mediafire.com', 'jkX121XwxNOS', 'user'),
(987, 'Giovannacci', 'Ava', 'agiovannaccire@delicious.com', 'kLvhy1Ywazk', 'user'),
(988, 'Muttock', 'Marc', 'mmuttockrf@deliciousdays.com', 'MyQLVd', 'user'),
(989, 'Salvati', 'Tersina', 'tsalvatirg@washington.edu', '7860Dm72Ku', 'user'),
(990, 'Beelby', 'Ivan', 'ibeelbyrh@scribd.com', 'V5IqaSMAwta', 'user'),
(991, 'Swidenbank', 'Monroe', 'mswidenbankri@disqus.com', 'kfRz8fTU', 'user'),
(992, 'Thompson', 'Husein', 'hthompsonrj@china.com.cn', 'nfZB6qmkmy', 'user'),
(993, 'Ferneley', 'Manya', 'mferneleyrk@adobe.com', 'V9LkLq', 'user'),
(994, 'Letherbury', 'Lou', 'lletherburyrl@hostgator.com', 'BY4Zis', 'user'),
(995, 'Bosworth', 'Thor', 'tbosworthrm@earthlink.net', 'AEfGbxNhBEwI', 'user'),
(996, 'Folley', 'Seward', 'sfolleyrn@icio.us', 'CHmo6ntlE0J7', 'user'),
(997, 'McGibbon', 'Catlaina', 'cmcgibbonro@miibeian.gov.cn', 'j3QVcSnIw', 'user'),
(998, 'Harker', 'Stanfield', 'sharkerrp@theguardian.com', 'cBpImDQIYE4', 'user'),
(999, 'Gallety', 'Tomas', 'tgalletyrq@epa.gov', '5zORNfjMngf', 'user'),
(1000, 'Pither', 'Valentina', 'vpitherrr@hubpages.com', 'ZbV5BZMyghQ', 'user'),
(1003, 'TOTO', 'Toto', 'toto@toto.fr', '$2y$10$jHA4C4bPCVODBqccZFG4euEbKGAsoBntsf.x7Mr73kdhqOi/B4vXG', 'user');

-- --------------------------------------------------------

--
-- Structure de la table `utilisateur_evenement`
--

CREATE TABLE `utilisateur_evenement` (
  `id_evenement` int NOT NULL,
  `id_utilisateur` int NOT NULL
) ENGINE=InnoDB DEFAULT CHARSET=utf8mb4 COLLATE=utf8mb4_0900_ai_ci;

--
-- Déchargement des données de la table `utilisateur_evenement`
--

INSERT INTO `utilisateur_evenement` (`id_evenement`, `id_utilisateur`) VALUES
(5, 63),
(6, 63),
(6, 239),
(2, 284),
(7, 603),
(8, 611),
(7, 613),
(6, 689),
(4, 759),
(8, 768),
(2, 962);

-- --------------------------------------------------------

--
-- Structure de la vue `evenements_utilisateurs_lieux`
--
DROP TABLE IF EXISTS `evenements_utilisateurs_lieux`;

CREATE ALGORITHM=UNDEFINED DEFINER=`toto`@`localhost` SQL SECURITY DEFINER VIEW `evenements_utilisateurs_lieux`  AS  select `evenement`.`id_evenement` AS `id_evenement`,`evenement`.`titre` AS `titre`,`evenement`.`nbPlaces` AS `nbPlaces`,`evenement`.`description` AS `description`,`evenement`.`imgSrc` AS `imgSrc`,`evenement`.`date_heure` AS `date_heure`,`evenement`.`id_organisateur` AS `id_organisateur`,`evenement`.`id_lieu` AS `id_lieu`,`lieu`.`nom` AS `lieu`,`utilisateur`.`nom` AS `organisateur` from ((`evenement` join `lieu` on((`evenement`.`id_lieu` = `lieu`.`id_lieu`))) join `utilisateur` on((`evenement`.`id_organisateur` = `utilisateur`.`id_utilisateur`))) ;

-- --------------------------------------------------------

--
-- Structure de la vue `evenement_utilisateurs`
--
DROP TABLE IF EXISTS `evenement_utilisateurs`;

CREATE ALGORITHM=UNDEFINED DEFINER=`toto`@`localhost` SQL SECURITY DEFINER VIEW `evenement_utilisateurs`  AS  select `evenement`.`id_evenement` AS `id_evenement`,`evenement`.`titre` AS `titre`,`evenement`.`nbPlaces` AS `nbPlaces`,`evenement`.`description` AS `description`,`evenement`.`imgSrc` AS `imgSrc`,`evenement`.`date_heure` AS `date_heure`,`utilisateur`.`nom` AS `nomUtilisateur`,`utilisateur`.`prenom` AS `prenom`,`utilisateur`.`email` AS `email`,`utilisateur`.`role` AS `role`,`lieu`.`nom` AS `lieu`,`lieu`.`adresse` AS `adresse`,`lieu`.`cp` AS `cp`,`lieu`.`ville` AS `ville` from (((`utilisateur_evenement` join `utilisateur` on((`utilisateur_evenement`.`id_utilisateur` = `utilisateur`.`id_utilisateur`))) join `evenement` on((`utilisateur_evenement`.`id_evenement` = `evenement`.`id_evenement`))) join `lieu` on((`evenement`.`id_lieu` = `lieu`.`id_lieu`))) order by `utilisateur_evenement`.`id_evenement` ;

-- --------------------------------------------------------

--
-- Structure de la vue `getNbUtilisateursByEvenement`
--
DROP TABLE IF EXISTS `getNbUtilisateursByEvenement`;

CREATE ALGORITHM=UNDEFINED DEFINER=`toto`@`localhost` SQL SECURITY DEFINER VIEW `getNbUtilisateursByEvenement`  AS  select `evenement`.`id_evenement` AS `id_evenement`,`evenement`.`titre` AS `titre`,count(0) AS `nbInscrits` from (`utilisateur_evenement` join `evenement` on((`utilisateur_evenement`.`id_evenement` = `evenement`.`id_evenement`))) group by `evenement`.`id_evenement` ;

--
-- Index pour les tables déchargées
--

--
-- Index pour la table `evenement`
--
ALTER TABLE `evenement`
  ADD PRIMARY KEY (`id_evenement`),
  ADD KEY `_evenement__utilisateur_FK` (`id_organisateur`),
  ADD KEY `_evenement__lieu0_FK` (`id_lieu`);

--
-- Index pour la table `lieu`
--
ALTER TABLE `lieu`
  ADD PRIMARY KEY (`id_lieu`);

--
-- Index pour la table `utilisateur`
--
ALTER TABLE `utilisateur`
  ADD PRIMARY KEY (`id_utilisateur`),
  ADD UNIQUE KEY `email` (`email`);

--
-- Index pour la table `utilisateur_evenement`
--
ALTER TABLE `utilisateur_evenement`
  ADD PRIMARY KEY (`id_evenement`,`id_utilisateur`),
  ADD KEY `_participer__utilisateur0_FK` (`id_utilisateur`);

--
-- AUTO_INCREMENT pour les tables déchargées
--

--
-- AUTO_INCREMENT pour la table `evenement`
--
ALTER TABLE `evenement`
  MODIFY `id_evenement` int NOT NULL AUTO_INCREMENT, AUTO_INCREMENT=12;

--
-- AUTO_INCREMENT pour la table `lieu`
--
ALTER TABLE `lieu`
  MODIFY `id_lieu` int NOT NULL AUTO_INCREMENT, AUTO_INCREMENT=51;

--
-- AUTO_INCREMENT pour la table `utilisateur`
--
ALTER TABLE `utilisateur`
  MODIFY `id_utilisateur` int NOT NULL AUTO_INCREMENT, AUTO_INCREMENT=1012;

--
-- Contraintes pour les tables déchargées
--

--
-- Contraintes pour la table `evenement`
--
ALTER TABLE `evenement`
  ADD CONSTRAINT `_evenement__lieu0_FK` FOREIGN KEY (`id_lieu`) REFERENCES `lieu` (`id_lieu`),
  ADD CONSTRAINT `_evenement__utilisateur_FK` FOREIGN KEY (`id_organisateur`) REFERENCES `utilisateur` (`id_utilisateur`);

--
-- Contraintes pour la table `utilisateur_evenement`
--
ALTER TABLE `utilisateur_evenement`
  ADD CONSTRAINT `_participer__evenement_FK` FOREIGN KEY (`id_evenement`) REFERENCES `evenement` (`id_evenement`),
  ADD CONSTRAINT `_participer__utilisateur0_FK` FOREIGN KEY (`id_utilisateur`) REFERENCES `utilisateur` (`id_utilisateur`);
COMMIT;

/*!40101 SET CHARACTER_SET_CLIENT=@OLD_CHARACTER_SET_CLIENT */;
/*!40101 SET CHARACTER_SET_RESULTS=@OLD_CHARACTER_SET_RESULTS */;
/*!40101 SET COLLATION_CONNECTION=@OLD_COLLATION_CONNECTION */;
